/*
 Navicat Premium Data Transfer

 Source Server         : localmysql
 Source Server Type    : MySQL
 Source Server Version : 50717
 Source Host           : localhost:3306
 Source Schema         : kangg

 Target Server Type    : MySQL
 Target Server Version : 50717
 File Encoding         : 65001

 Date: 18/09/2020 19:23:40
*/

SET NAMES utf8mb4;
SET FOREIGN_KEY_CHECKS = 0;

-- ----------------------------
-- Table structure for a_word
-- ----------------------------
DROP TABLE IF EXISTS `a_word`;
CREATE TABLE `a_word` (
  `id` int(11) NOT NULL AUTO_INCREMENT COMMENT 'ID',
  `content` varchar(255) NOT NULL DEFAULT '' COMMENT '内容',
  `source` varchar(500) NOT NULL DEFAULT '' COMMENT '来源',
  `created` datetime DEFAULT NULL COMMENT '创建时间',
  `status` int(11) DEFAULT '1' COMMENT '1可用，2禁用',
  PRIMARY KEY (`id`)
) ENGINE=InnoDB AUTO_INCREMENT=5 DEFAULT CHARSET=utf8;

-- ----------------------------
-- Records of a_word
-- ----------------------------
BEGIN;
INSERT INTO `a_word` VALUES (1, '拂去袈裟衣，现就凡俗子', '青灯客', '2020-09-13 01:39:09', 1);
INSERT INTO `a_word` VALUES (2, '本是青灯客，缘何恋红尘', '青灯客', '2020-09-13 02:22:30', 1);
INSERT INTO `a_word` VALUES (3, '书山有路勤为径，学海无涯苦作舟', '古诗词', '2020-09-13 02:24:01', 1);
INSERT INTO `a_word` VALUES (4, '一句话说说就说说', '乱语', '2020-09-13 13:42:10', 1);
COMMIT;

-- ----------------------------
-- Table structure for ad
-- ----------------------------
DROP TABLE IF EXISTS `ad`;
CREATE TABLE `ad` (
  `id` int(11) NOT NULL AUTO_INCREMENT,
  `name` varchar(255) NOT NULL,
  `title` varchar(255) DEFAULT NULL,
  `html` longtext,
  PRIMARY KEY (`id`)
) ENGINE=InnoDB AUTO_INCREMENT=5 DEFAULT CHARSET=utf8mb4;

-- ----------------------------
-- Records of ad
-- ----------------------------
BEGIN;
INSERT INTO `ad` VALUES (1, 'ArticleAD', '文章广告', '<a href=\"/\"><img src=\"/static/assets/img/ad3.png\" alt=\"ads\"></a>');
INSERT INTO `ad` VALUES (2, 'HomeAD', '主页默认', '<a href=\"/\"><img src=\"http://v.bootstrapmb.com/2020/5/p1aob7879/assets/img/bg/ads.jpg\" alt=\"ads\"></a>');
INSERT INTO `ad` VALUES (3, 'RightAD1', '右1广告', '<a href=\"#\"><img src=\"/static/assets/img/ad1.png\" alt=\"ads\"></a>');
INSERT INTO `ad` VALUES (4, 'RightAD2', '右2广告', '<a href=\"/\"><img src=\"/static/assets/img/ad2.png\" alt=\"ads\"></a>');
COMMIT;

-- ----------------------------
-- Table structure for article
-- ----------------------------
DROP TABLE IF EXISTS `article`;
CREATE TABLE `article` (
  `id` int(11) NOT NULL AUTO_INCREMENT COMMENT 'ID',
  `user_id` int(11) DEFAULT '0' COMMENT '用户ID',
  `title` varchar(255) NOT NULL DEFAULT '' COMMENT '标题',
  `category_id` int(11) NOT NULL COMMENT '分类ID',
  `tag` varchar(255) NOT NULL DEFAULT '' COMMENT 'Tag',
  `remark` varchar(500) NOT NULL DEFAULT '' COMMENT '摘要',
  `desc` longtext NOT NULL COMMENT '详情',
  `html` longtext NOT NULL COMMENT 'html',
  `pv` int(255) DEFAULT '0' COMMENT 'px',
  `created` datetime DEFAULT NULL COMMENT '创建时间',
  `updated` datetime DEFAULT NULL COMMENT '更新时间',
  `status` int(11) DEFAULT '1' COMMENT '1可用，2禁用，3删除',
  `review` int(11) DEFAULT '0' COMMENT '评论',
  `recommend` int(4) NOT NULL DEFAULT '0' COMMENT '是否顶置，0否；1是，默认否',
  `like` int(11) NOT NULL DEFAULT '0' COMMENT '点赞数量',
  `cover` varchar(255) DEFAULT NULL,
  PRIMARY KEY (`id`)
) ENGINE=InnoDB AUTO_INCREMENT=10 DEFAULT CHARSET=utf8;

-- ----------------------------
-- Records of article
-- ----------------------------
BEGIN;
INSERT INTO `article` VALUES (1, 1, '苏州观山科目三驾考全攻略', 1, '生活', '现场环境介绍、线路情况', '![](https://ss0.bdstatic.com/70cFuHSh_Q1YnxGkpoWK1HF6hhy/it/u=2264025784,929196222&fm=26&gp=0.jpg)\r\n### 现场环境\r\n哈哈哈\r\n### IHI\r\n司法所发生\r\n### 大法师打发\r\n法师打发', '<p><img src=\"https://ss0.bdstatic.com/70cFuHSh_Q1YnxGkpoWK1HF6hhy/it/u=2264025784,929196222&amp;fm=26&amp;gp=0.jpg\" alt=\"\"></p>\r\n<h3 id=\"h3-u73B0u573Au73AFu5883\"><a name=\"现场环境\" class=\"reference-link\"></a><span class=\"header-link octicon octicon-link\"></span>现场环境</h3><p>哈哈哈</p>\r\n<h3 id=\"h3-ihi\"><a name=\"IHI\" class=\"reference-link\"></a><span class=\"header-link octicon octicon-link\"></span>IHI</h3><p>司法所发生</p>\r\n<h3 id=\"h3-u5927u6CD5u5E08u6253u53D1\"><a name=\"大法师打发\" class=\"reference-link\"></a><span class=\"header-link octicon octicon-link\"></span>大法师打发</h3><p>法师打发</p>\r\n', 109, '2020-07-20 14:58:51', '2020-09-15 16:01:04', 1, 3, 1, 1, 'https://ss0.bdstatic.com/70cFuHSh_Q1YnxGkpoWK1HF6hhy/it/u=2264025784,929196222&fm=26&gp=0.jpg');
INSERT INTO `article` VALUES (2, 1, '测试123', 2, 'hi', 'hi', '![](https://timgsa.baidu.com/timg?image&quality=80&size=b9999_10000&sec=1599652128327&di=ad98c16389db0f2fec578f786e98fc06&imgtype=0&src=http%3A%2F%2Fpic.51yuansu.com%2Fpic3%2Fcover%2F01%2F40%2F70%2F5927392cf0e06_610.jpg)\r\n# 你好世界\r\n## Hello World\r\n### 莎娃迪卡', '<p><img src=\"https://timgsa.baidu.com/timg?image&amp;quality=80&amp;size=b9999_10000&amp;sec=1599652128327&amp;di=ad98c16389db0f2fec578f786e98fc06&amp;imgtype=0&amp;src=http%3A%2F%2Fpic.51yuansu.com%2Fpic3%2Fcover%2F01%2F40%2F70%2F5927392cf0e06_610.jpg\" alt=\"\"></p>\r\n<h1 id=\"h1-u4F60u597Du4E16u754C\"><a name=\"你好世界\" class=\"reference-link\"></a><span class=\"header-link octicon octicon-link\"></span>你好世界</h1><h2 id=\"h2-hello-world\"><a name=\"Hello World\" class=\"reference-link\"></a><span class=\"header-link octicon octicon-link\"></span>Hello World</h2><h3 id=\"h3-u838Eu5A03u8FEAu5361\"><a name=\"莎娃迪卡\" class=\"reference-link\"></a><span class=\"header-link octicon octicon-link\"></span>莎娃迪卡</h3>', 25, '2020-09-09 17:01:40', '2020-09-15 06:20:35', 1, 1, 0, 0, 'https://timgsa.baidu.com/timg?image&quality=80&size=b9999_10000&sec=1599652128327&di=ad98c16389db0f2fec578f786e98fc06&imgtype=0&src=http%3A%2F%2Fpic.51yuansu.com%2Fpic3%2Fcover%2F01%2F40%2F70%2F5927392cf0e06_610.jpg');
INSERT INTO `article` VALUES (3, 1, 'asfsd', 2, 'ase', '你好众合', '#事发地点时\r\n鼎折覆餗大', '<h1 id=\"h1-u4E8Bu53D1u5730u70B9u65F6\"><a name=\"事发地点时\" class=\"reference-link\"></a><span class=\"header-link octicon octicon-link\"></span>事发地点时</h1><p>鼎折覆餗大</p>\r\n', 0, '2020-09-11 17:12:24', '2020-09-11 17:12:24', 1, 0, 0, 0, 'https://timgsa.baidu.com/timg?image&quality=80&size=b9999_10000&sec=1599825596198&di=60740ed52ecef0b0832d8dea20f56934&imgtype=0&src=http%3A%2F%2Fa0.att.hudong.com%2F56%2F12%2F01300000164151121576126282411.jpg');
INSERT INTO `article` VALUES (4, 1, 'how are you', 2, '测试', '好啊有', '发送到发送到\r\n![](https://timgsa.baidu.com/timg?image&quality=80&size=b9999_10000&sec=1599825596199&di=087f5888cb99957edc078aca120fe373&imgtype=0&src=http%3A%2F%2Fa3.att.hudong.com%2F14%2F75%2F01300000164186121366756803686.jpg)', '<p>发送到发送到<br><img src=\"https://timgsa.baidu.com/timg?image&amp;quality=80&amp;size=b9999_10000&amp;sec=1599825596199&amp;di=087f5888cb99957edc078aca120fe373&amp;imgtype=0&amp;src=http%3A%2F%2Fa3.att.hudong.com%2F14%2F75%2F01300000164186121366756803686.jpg\" alt=\"\"></p>\r\n', 0, '2020-09-11 17:13:53', '2020-09-11 17:13:53', 1, 0, 0, 0, 'https://timgsa.baidu.com/timg?image&quality=80&size=b9999_10000&sec=1599825596199&di=087f5888cb99957edc078aca120fe373&imgtype=0&src=http%3A%2F%2Fa3.att.hudong.com%2F14%2F75%2F01300000164186121366756803686.jpg');
INSERT INTO `article` VALUES (5, 1, '上有天堂下有苏杭', 2, '苏杭', '苏州、杭州-人间天堂', '最美不过人间天堂\r\n![](https://timgsa.baidu.com/timg?image&quality=80&size=b9999_10000&sec=1599825836112&di=31af801a66942330f71fcc65339b8ae9&imgtype=0&src=http%3A%2F%2Ff.01ny.cn%2Fforum%2F201308%2F29%2F2102395loa11laiup1p11a.jpg)', '<p>最美不过人间天堂<br><img src=\"https://timgsa.baidu.com/timg?image&amp;quality=80&amp;size=b9999_10000&amp;sec=1599825836112&amp;di=31af801a66942330f71fcc65339b8ae9&amp;imgtype=0&amp;src=http%3A%2F%2Ff.01ny.cn%2Fforum%2F201308%2F29%2F2102395loa11laiup1p11a.jpg\" alt=\"\"></p>\r\n', 7, '2020-09-11 17:16:17', '2020-09-17 21:17:52', 1, 0, 0, 1, 'https://timgsa.baidu.com/timg?image&quality=80&size=b9999_10000&sec=1599825836112&di=31af801a66942330f71fcc65339b8ae9&imgtype=0&src=http%3A%2F%2Ff.01ny.cn%2Fforum%2F201308%2F29%2F2102395loa11laiup1p11a.jpg');
INSERT INTO `article` VALUES (6, 1, '五月天', 2, '安抚', '法师打发', '阿萨法\r\n![](https://timgsa.baidu.com/timg?image&quality=80&size=b9999_10000&sec=1599825836112&di=31af801a66942330f71fcc65339b8ae9&imgtype=0&src=http%3A%2F%2Ff.01ny.cn%2Fforum%2F201308%2F29%2F2102395loa11laiup1p11a.jpg)', '<p>阿萨法<br><img src=\"https://timgsa.baidu.com/timg?image&amp;quality=80&amp;size=b9999_10000&amp;sec=1599825836112&amp;di=31af801a66942330f71fcc65339b8ae9&amp;imgtype=0&amp;src=http%3A%2F%2Ff.01ny.cn%2Fforum%2F201308%2F29%2F2102395loa11laiup1p11a.jpg\" alt=\"\"></p>\r\n', 0, '2020-09-11 17:17:33', '2020-09-11 17:17:33', 1, 0, 0, 0, 'https://timgsa.baidu.com/timg?image&quality=80&size=b9999_10000&sec=1599825836112&di=2d619a69f5a7f3ad653b7707b0c7a2df&imgtype=0&src=http%3A%2F%2Fpic172.nipic.com%2Ffile%2F20180713%2F24206353_153642499000_2.jpg');
INSERT INTO `article` VALUES (7, 1, '还有什么', 2, '发送到发送', '法法师', '范德萨发', '<p>范德萨发</p>\r\n', 3, '2020-09-11 17:18:16', '2020-09-12 01:09:57', 1, 0, 0, 1, 'https://ss2.bdstatic.com/70cFvnSh_Q1YnxGkpoWK1HF6hhy/it/u=2087428987,570606805&fm=26&gp=0.jpg');
INSERT INTO `article` VALUES (8, 1, '必填', 2, '必填', '发顺丰', '发的说法发大水发发啊啊啊大都是啊', '<p>发的说法发大水发发啊啊啊大都是啊</p>\r\n', 8, '2020-09-11 17:19:37', '2020-09-12 01:09:22', 1, 0, 0, 1, 'https://timgsa.baidu.com/timg?image&quality=80&size=b9999_10000&sec=1599825836108&di=1aee4065a47f5a7a4bb6474970e925f2&imgtype=0&src=http%3A%2F%2Fx0.ifengimg.com%2Fres%2F2020%2FD88503AE130888442478FC61EB037BD520A19E74_size421_w640_h359.png');
INSERT INTO `article` VALUES (9, 1, '发多少', 4, '发,安徽,苏州,baidu', '案发时代', '谁发的发\r\n<video class=\"\" autoplay=\"\" playsinline=\"true\" webkit-playsinline=\"true\" x5-playsinline=\"true\" tabindex=\"2\" mediatype=\"video\" src=\"http://vjs.zencdn.net/v/oceans.mp4\"></video>\r\n加载外部视频\r\n<iframe src=\"https://aweme.snssdk.com/aweme/v1/playwm/?video_id=v0200f950000btgbb7ubo5p7in39h9ng&amp;ratio=720p&amp;line=0\" disablepictureinpicture=\"false\"></iframe>\r\n\r\nhi', '<p>谁发的发</p>\r\n<p><video class=\"\" autoplay=\"\" playsinline=\"true\" webkit-playsinline=\"true\" x5-playsinline=\"true\" tabindex=\"2\" mediatype=\"video\" src=\"http://vjs.zencdn.net/v/oceans.mp4\"></video><br>加载外部视频</p>\r\n<iframe src=\"https://aweme.snssdk.com/aweme/v1/playwm/?video_id=v0200f950000btgbb7ubo5p7in39h9ng&amp;ratio=720p&amp;line=0\" disablepictureinpicture=\"false\"></iframe>\r\n\r\n<p>hi</p>\r\n', 5, '2020-09-11 17:20:09', '2020-09-18 00:17:21', 1, 0, 0, 0, 'https://timgsa.baidu.com/timg?image&quality=80&size=b9999_10000&sec=1599825836107&di=39797e1a7433c7d69cf70488f01f8a87&imgtype=0&src=http%3A%2F%2Fimg.pconline.com.cn%2Fimages%2Fupload%2Fupc%2Ftx%2Fbbs6%2F1101%2F04%2Fc0%2F6452555_1294138560874_1024x1024.jpg');
COMMIT;

-- ----------------------------
-- Table structure for banner
-- ----------------------------
DROP TABLE IF EXISTS `banner`;
CREATE TABLE `banner` (
  `id` int(11) NOT NULL,
  `name` varchar(255) DEFAULT NULL,
  `image` varchar(255) DEFAULT NULL,
  `article_id` int(11) DEFAULT NULL,
  PRIMARY KEY (`id`),
  KEY `article_id` (`article_id`),
  CONSTRAINT `article_id` FOREIGN KEY (`article_id`) REFERENCES `article` (`id`)
) ENGINE=InnoDB DEFAULT CHARSET=utf8mb4;

-- ----------------------------
-- Records of banner
-- ----------------------------
BEGIN;
INSERT INTO `banner` VALUES (1, 'banner1', '/static/assets/img/slider-1.jpg', 1);
INSERT INTO `banner` VALUES (2, 'banner2', '/static/assets/img/slider-3.jpg', 2);
INSERT INTO `banner` VALUES (3, 'banner3', '/static/uploads/2020091422195759.jpg', 4);
COMMIT;

-- ----------------------------
-- Table structure for category
-- ----------------------------
DROP TABLE IF EXISTS `category`;
CREATE TABLE `category` (
  `id` int(11) NOT NULL AUTO_INCREMENT COMMENT '主键',
  `name` varchar(255) DEFAULT NULL,
  `pid` int(11) DEFAULT '0' COMMENT '父ID',
  `sort` int(11) DEFAULT '0' COMMENT '排序',
  `status` int(11) DEFAULT '1' COMMENT '状态1正常，2删除',
  `ename` varchar(255) DEFAULT NULL,
  PRIMARY KEY (`id`)
) ENGINE=InnoDB AUTO_INCREMENT=5 DEFAULT CHARSET=utf8;

-- ----------------------------
-- Records of category
-- ----------------------------
BEGIN;
INSERT INTO `category` VALUES (1, '随笔', 0, 100, 1, 'suibi');
INSERT INTO `category` VALUES (2, '测试', 0, 100, 1, 'test');
INSERT INTO `category` VALUES (3, '你好', 0, 100, 1, 'hello');
INSERT INTO `category` VALUES (4, '电子书', 0, 100, 1, 'ebook');
COMMIT;

-- ----------------------------
-- Table structure for link
-- ----------------------------
DROP TABLE IF EXISTS `link`;
CREATE TABLE `link` (
  `id` int(11) NOT NULL AUTO_INCREMENT COMMENT '主键',
  `title` varchar(255) DEFAULT '' COMMENT '名称',
  `url` varchar(255) DEFAULT '' COMMENT 'URL',
  `sort` int(11) DEFAULT '100' COMMENT '排序',
  PRIMARY KEY (`id`)
) ENGINE=InnoDB AUTO_INCREMENT=3 DEFAULT CHARSET=utf8;

-- ----------------------------
-- Records of link
-- ----------------------------
BEGIN;
INSERT INTO `link` VALUES (1, 'Go Blog', 'http://go-blog.cn', 100);
INSERT INTO `link` VALUES (2, 'LeeChan\'Blog', 'http://leechan.online', 100);
COMMIT;

-- ----------------------------
-- Table structure for log
-- ----------------------------
DROP TABLE IF EXISTS `log`;
CREATE TABLE `log` (
  `id` int(11) NOT NULL AUTO_INCREMENT COMMENT 'ID',
  `ip` varchar(50) NOT NULL,
  `city` varchar(50) NOT NULL,
  `create` datetime NOT NULL,
  `user_agent` varchar(255) NOT NULL,
  `page` varchar(255) DEFAULT NULL,
  `uri` varchar(500) NOT NULL,
  PRIMARY KEY (`id`)
) ENGINE=InnoDB AUTO_INCREMENT=711 DEFAULT CHARSET=utf8;

-- ----------------------------
-- Records of log
-- ----------------------------
BEGIN;
INSERT INTO `log` VALUES (1, '::1', '', '2020-07-20 13:30:08', 'Mozilla/5.0 (Macintosh; Intel Mac OS X 10_14_6) AppleWebKit/537.36 (KHTML, like Gecko) Chrome/83.0.4103.116 Safari/537.36', 'index', '/');
INSERT INTO `log` VALUES (2, '::1', '', '2020-07-20 13:30:22', 'Mozilla/5.0 (Macintosh; Intel Mac OS X 10_14_6) AppleWebKit/537.36 (KHTML, like Gecko) Chrome/83.0.4103.116 Safari/537.36', 'index', '/');
INSERT INTO `log` VALUES (3, '::1', '', '2020-07-20 13:30:35', 'Mozilla/5.0 (Macintosh; Intel Mac OS X 10_14_6) AppleWebKit/537.36 (KHTML, like Gecko) Chrome/83.0.4103.116 Safari/537.36', 'index', '/');
INSERT INTO `log` VALUES (4, '::1', '', '2020-07-20 13:32:54', 'Mozilla/5.0 (Macintosh; Intel Mac OS X 10_14_6) AppleWebKit/537.36 (KHTML, like Gecko) Chrome/83.0.4103.116 Safari/537.36', 'index', '/');
INSERT INTO `log` VALUES (5, '::1', '', '2020-07-20 13:33:04', 'Mozilla/5.0 (Macintosh; Intel Mac OS X 10_14_6) AppleWebKit/537.36 (KHTML, like Gecko) Chrome/83.0.4103.116 Safari/537.36', 'index', '/');
INSERT INTO `log` VALUES (6, '::1', '', '2020-07-20 13:33:06', 'Mozilla/5.0 (Macintosh; Intel Mac OS X 10_14_6) AppleWebKit/537.36 (KHTML, like Gecko) Chrome/83.0.4103.116 Safari/537.36', 'index', '/');
INSERT INTO `log` VALUES (7, '::1', '', '2020-07-20 13:33:07', 'Mozilla/5.0 (Macintosh; Intel Mac OS X 10_14_6) AppleWebKit/537.36 (KHTML, like Gecko) Chrome/83.0.4103.116 Safari/537.36', 'index', '/');
INSERT INTO `log` VALUES (8, '::1', '', '2020-07-20 14:07:52', 'Mozilla/5.0 (Macintosh; Intel Mac OS X 10_14_6) AppleWebKit/537.36 (KHTML, like Gecko) Chrome/83.0.4103.116 Safari/537.36', 'index', '/');
INSERT INTO `log` VALUES (9, '::1', '', '2020-07-20 14:07:55', 'Mozilla/5.0 (Macintosh; Intel Mac OS X 10_14_6) AppleWebKit/537.36 (KHTML, like Gecko) Chrome/83.0.4103.116 Safari/537.36', 'article', '/list.html');
INSERT INTO `log` VALUES (10, '::1', '', '2020-07-20 14:08:33', 'Mozilla/5.0 (Macintosh; Intel Mac OS X 10_14_6) AppleWebKit/537.36 (KHTML, like Gecko) Chrome/83.0.4103.116 Safari/537.36', 'index', '/');
INSERT INTO `log` VALUES (11, '::1', '', '2020-07-20 14:08:36', 'Mozilla/5.0 (Macintosh; Intel Mac OS X 10_14_6) AppleWebKit/537.36 (KHTML, like Gecko) Chrome/83.0.4103.116 Safari/537.36', 'article', '/list.html');
INSERT INTO `log` VALUES (12, '::1', '', '2020-07-20 14:20:20', 'Mozilla/5.0 (Macintosh; Intel Mac OS X 10_14_6) AppleWebKit/537.36 (KHTML, like Gecko) Chrome/83.0.4103.116 Safari/537.36', 'article', '/list.html');
INSERT INTO `log` VALUES (13, '::1', '', '2020-07-20 14:20:34', 'Mozilla/5.0 (Macintosh; Intel Mac OS X 10_14_6) AppleWebKit/537.36 (KHTML, like Gecko) Chrome/83.0.4103.116 Safari/537.36', 'index', '/');
INSERT INTO `log` VALUES (14, '::1', '', '2020-07-20 14:20:37', 'Mozilla/5.0 (Macintosh; Intel Mac OS X 10_14_6) AppleWebKit/537.36 (KHTML, like Gecko) Chrome/83.0.4103.116 Safari/537.36', 'article', '/list.html');
INSERT INTO `log` VALUES (15, '::1', '', '2020-07-20 14:20:40', 'Mozilla/5.0 (Macintosh; Intel Mac OS X 10_14_6) AppleWebKit/537.36 (KHTML, like Gecko) Chrome/83.0.4103.116 Safari/537.36', 'index', '/');
INSERT INTO `log` VALUES (16, '::1', '', '2020-07-20 14:20:46', 'Mozilla/5.0 (Macintosh; Intel Mac OS X 10_14_6) AppleWebKit/537.36 (KHTML, like Gecko) Chrome/83.0.4103.116 Safari/537.36', 'article', '/list.html');
INSERT INTO `log` VALUES (17, '::1', '', '2020-07-20 14:20:49', 'Mozilla/5.0 (Macintosh; Intel Mac OS X 10_14_6) AppleWebKit/537.36 (KHTML, like Gecko) Chrome/83.0.4103.116 Safari/537.36', 'index', '/');
INSERT INTO `log` VALUES (18, '::1', '', '2020-07-20 14:20:55', 'Mozilla/5.0 (Macintosh; Intel Mac OS X 10_14_6) AppleWebKit/537.36 (KHTML, like Gecko) Chrome/83.0.4103.116 Safari/537.36', 'article', '/list.html');
INSERT INTO `log` VALUES (19, '::1', '', '2020-07-20 14:58:58', 'Mozilla/5.0 (Macintosh; Intel Mac OS X 10_14_6) AppleWebKit/537.36 (KHTML, like Gecko) Chrome/83.0.4103.116 Safari/537.36', 'article', '/list.html');
INSERT INTO `log` VALUES (20, '::1', '', '2020-07-20 15:04:16', 'Mozilla/5.0 (Macintosh; Intel Mac OS X 10_14_6) AppleWebKit/537.36 (KHTML, like Gecko) Chrome/83.0.4103.116 Safari/537.36', 'index', '/');
INSERT INTO `log` VALUES (21, '::1', '', '2020-07-20 15:04:19', 'Mozilla/5.0 (Macintosh; Intel Mac OS X 10_14_6) AppleWebKit/537.36 (KHTML, like Gecko) Chrome/83.0.4103.116 Safari/537.36', 'article', '/list.html');
INSERT INTO `log` VALUES (22, '::1', '', '2020-07-21 11:04:24', 'Mozilla/5.0 (Macintosh; Intel Mac OS X 10_14_6) AppleWebKit/537.36 (KHTML, like Gecko) Chrome/83.0.4103.116 Safari/537.36', 'index', '/');
INSERT INTO `log` VALUES (23, '::1', '', '2020-07-21 11:04:30', 'Mozilla/5.0 (Macintosh; Intel Mac OS X 10_14_6) AppleWebKit/537.36 (KHTML, like Gecko) Chrome/83.0.4103.116 Safari/537.36', 'index', '/');
INSERT INTO `log` VALUES (24, '::1', '', '2020-07-21 11:04:31', 'Mozilla/5.0 (Macintosh; Intel Mac OS X 10_14_6) AppleWebKit/537.36 (KHTML, like Gecko) Chrome/83.0.4103.116 Safari/537.36', 'index', '/');
INSERT INTO `log` VALUES (25, '::1', '', '2020-07-21 11:04:32', 'Mozilla/5.0 (Macintosh; Intel Mac OS X 10_14_6) AppleWebKit/537.36 (KHTML, like Gecko) Chrome/83.0.4103.116 Safari/537.36', 'index', '/');
INSERT INTO `log` VALUES (26, '::1', '', '2020-07-21 11:04:32', 'Mozilla/5.0 (Macintosh; Intel Mac OS X 10_14_6) AppleWebKit/537.36 (KHTML, like Gecko) Chrome/83.0.4103.116 Safari/537.36', 'index', '/');
INSERT INTO `log` VALUES (27, '::1', '', '2020-07-21 11:04:32', 'Mozilla/5.0 (Macintosh; Intel Mac OS X 10_14_6) AppleWebKit/537.36 (KHTML, like Gecko) Chrome/83.0.4103.116 Safari/537.36', 'index', '/');
INSERT INTO `log` VALUES (28, '::1', '', '2020-07-21 11:04:33', 'Mozilla/5.0 (Macintosh; Intel Mac OS X 10_14_6) AppleWebKit/537.36 (KHTML, like Gecko) Chrome/83.0.4103.116 Safari/537.36', 'index', '/');
INSERT INTO `log` VALUES (29, '::1', '', '2020-07-21 11:04:33', 'Mozilla/5.0 (Macintosh; Intel Mac OS X 10_14_6) AppleWebKit/537.36 (KHTML, like Gecko) Chrome/83.0.4103.116 Safari/537.36', 'index', '/');
INSERT INTO `log` VALUES (30, '::1', '', '2020-07-21 11:04:43', 'Mozilla/5.0 (Macintosh; Intel Mac OS X 10_14_6) AppleWebKit/537.36 (KHTML, like Gecko) Chrome/83.0.4103.116 Safari/537.36', 'index', '/');
INSERT INTO `log` VALUES (31, '::1', '', '2020-07-21 11:04:51', 'Mozilla/5.0 (Macintosh; Intel Mac OS X 10_14_6) AppleWebKit/537.36 (KHTML, like Gecko) Chrome/83.0.4103.116 Safari/537.36', 'article', '/list.html');
INSERT INTO `log` VALUES (32, '::1', '', '2020-08-03 17:41:50', 'Mozilla/5.0 (Macintosh; Intel Mac OS X 10_14_6) AppleWebKit/537.36 (KHTML, like Gecko) Chrome/84.0.4147.105 Safari/537.36', 'index', '/');
INSERT INTO `log` VALUES (33, '::1', '', '2020-08-03 17:41:54', 'Mozilla/5.0 (Macintosh; Intel Mac OS X 10_14_6) AppleWebKit/537.36 (KHTML, like Gecko) Chrome/84.0.4147.105 Safari/537.36', 'article', '/list.html');
INSERT INTO `log` VALUES (34, '::1', '', '2020-08-03 17:41:57', 'Mozilla/5.0 (Macintosh; Intel Mac OS X 10_14_6) AppleWebKit/537.36 (KHTML, like Gecko) Chrome/84.0.4147.105 Safari/537.36', 'detail', '/detail/1.html');
INSERT INTO `log` VALUES (35, '::1', '', '2020-08-26 12:20:17', 'Mozilla/5.0 (Macintosh; Intel Mac OS X 10_14_6) AppleWebKit/537.36 (KHTML, like Gecko) Chrome/84.0.4147.135 Safari/537.36', 'index', '/');
INSERT INTO `log` VALUES (36, '::1', '', '2020-08-26 12:20:28', 'Mozilla/5.0 (Macintosh; Intel Mac OS X 10_14_6) AppleWebKit/537.36 (KHTML, like Gecko) Chrome/84.0.4147.135 Safari/537.36', 'article', '/list.html');
INSERT INTO `log` VALUES (37, '::1', '', '2020-08-26 12:21:00', 'Mozilla/5.0 (Macintosh; Intel Mac OS X 10_14_6) AppleWebKit/537.36 (KHTML, like Gecko) Chrome/84.0.4147.135 Safari/537.36', 'detail', '/detail/1.html');
INSERT INTO `log` VALUES (38, '::1', '', '2020-08-26 12:27:16', 'Mozilla/5.0 (Macintosh; Intel Mac OS X 10_14_6) AppleWebKit/537.36 (KHTML, like Gecko) Chrome/84.0.4147.135 Safari/537.36', 'home', '/');
INSERT INTO `log` VALUES (39, '::1', '', '2020-08-26 12:28:17', 'Mozilla/5.0 (Macintosh; Intel Mac OS X 10_14_6) AppleWebKit/537.36 (KHTML, like Gecko) Chrome/84.0.4147.135 Safari/537.36', 'home', '/');
INSERT INTO `log` VALUES (40, '::1', '', '2020-08-26 12:28:27', 'Mozilla/5.0 (Macintosh; Intel Mac OS X 10_14_6) AppleWebKit/537.36 (KHTML, like Gecko) Chrome/84.0.4147.135 Safari/537.36', 'article', '/list.html');
INSERT INTO `log` VALUES (41, '::1', '', '2020-08-26 12:28:30', 'Mozilla/5.0 (Macintosh; Intel Mac OS X 10_14_6) AppleWebKit/537.36 (KHTML, like Gecko) Chrome/84.0.4147.135 Safari/537.36', 'article', '/list.html');
INSERT INTO `log` VALUES (42, '::1', '', '2020-08-26 12:28:35', 'Mozilla/5.0 (Macintosh; Intel Mac OS X 10_14_6) AppleWebKit/537.36 (KHTML, like Gecko) Chrome/84.0.4147.135 Safari/537.36', 'home', '/');
INSERT INTO `log` VALUES (43, '::1', '', '2020-08-26 12:29:49', 'Mozilla/5.0 (Macintosh; Intel Mac OS X 10_14_6) AppleWebKit/537.36 (KHTML, like Gecko) Chrome/84.0.4147.135 Safari/537.36', 'home', '/');
INSERT INTO `log` VALUES (44, '::1', '', '2020-08-26 12:29:50', 'Mozilla/5.0 (Macintosh; Intel Mac OS X 10_14_6) AppleWebKit/537.36 (KHTML, like Gecko) Chrome/84.0.4147.135 Safari/537.36', 'home', '/');
INSERT INTO `log` VALUES (45, '::1', '', '2020-08-26 12:29:50', 'Mozilla/5.0 (Macintosh; Intel Mac OS X 10_14_6) AppleWebKit/537.36 (KHTML, like Gecko) Chrome/84.0.4147.135 Safari/537.36', 'home', '/');
INSERT INTO `log` VALUES (46, '::1', '', '2020-08-26 12:29:50', 'Mozilla/5.0 (Macintosh; Intel Mac OS X 10_14_6) AppleWebKit/537.36 (KHTML, like Gecko) Chrome/84.0.4147.135 Safari/537.36', 'home', '/');
INSERT INTO `log` VALUES (47, '::1', '', '2020-08-26 12:29:50', 'Mozilla/5.0 (Macintosh; Intel Mac OS X 10_14_6) AppleWebKit/537.36 (KHTML, like Gecko) Chrome/84.0.4147.135 Safari/537.36', 'home', '/');
INSERT INTO `log` VALUES (48, '::1', '', '2020-08-26 12:29:50', 'Mozilla/5.0 (Macintosh; Intel Mac OS X 10_14_6) AppleWebKit/537.36 (KHTML, like Gecko) Chrome/84.0.4147.135 Safari/537.36', 'home', '/');
INSERT INTO `log` VALUES (49, '::1', '', '2020-08-26 12:29:51', 'Mozilla/5.0 (Macintosh; Intel Mac OS X 10_14_6) AppleWebKit/537.36 (KHTML, like Gecko) Chrome/84.0.4147.135 Safari/537.36', 'home', '/');
INSERT INTO `log` VALUES (50, '::1', '', '2020-08-26 12:29:51', 'Mozilla/5.0 (Macintosh; Intel Mac OS X 10_14_6) AppleWebKit/537.36 (KHTML, like Gecko) Chrome/84.0.4147.135 Safari/537.36', 'home', '/');
INSERT INTO `log` VALUES (51, '::1', '', '2020-08-26 12:29:51', 'Mozilla/5.0 (Macintosh; Intel Mac OS X 10_14_6) AppleWebKit/537.36 (KHTML, like Gecko) Chrome/84.0.4147.135 Safari/537.36', 'home', '/');
INSERT INTO `log` VALUES (52, '::1', '', '2020-08-26 12:30:02', 'Mozilla/5.0 (Macintosh; Intel Mac OS X 10_14_6) AppleWebKit/537.36 (KHTML, like Gecko) Chrome/84.0.4147.135 Safari/537.36', 'home', '/');
INSERT INTO `log` VALUES (53, '::1', '', '2020-08-26 12:30:22', 'Mozilla/5.0 (Macintosh; Intel Mac OS X 10_14_6) AppleWebKit/537.36 (KHTML, like Gecko) Chrome/84.0.4147.135 Safari/537.36', 'home', '/');
INSERT INTO `log` VALUES (54, '::1', '', '2020-08-26 12:32:39', 'Mozilla/5.0 (Macintosh; Intel Mac OS X 10_14_6) AppleWebKit/537.36 (KHTML, like Gecko) Chrome/84.0.4147.135 Safari/537.36', 'home', '/');
INSERT INTO `log` VALUES (55, '::1', '', '2020-08-26 12:32:47', 'Mozilla/5.0 (Macintosh; Intel Mac OS X 10_14_6) AppleWebKit/537.36 (KHTML, like Gecko) Chrome/84.0.4147.135 Safari/537.36', 'home', '/');
INSERT INTO `log` VALUES (56, '::1', '', '2020-08-26 12:33:34', 'Mozilla/5.0 (Macintosh; Intel Mac OS X 10_14_6) AppleWebKit/537.36 (KHTML, like Gecko) Chrome/84.0.4147.135 Safari/537.36', 'home', '/');
INSERT INTO `log` VALUES (57, '::1', '', '2020-08-26 12:33:34', 'Mozilla/5.0 (Macintosh; Intel Mac OS X 10_14_6) AppleWebKit/537.36 (KHTML, like Gecko) Chrome/84.0.4147.135 Safari/537.36', 'home', '/');
INSERT INTO `log` VALUES (58, '::1', '', '2020-08-26 12:33:34', 'Mozilla/5.0 (Macintosh; Intel Mac OS X 10_14_6) AppleWebKit/537.36 (KHTML, like Gecko) Chrome/84.0.4147.135 Safari/537.36', 'home', '/');
INSERT INTO `log` VALUES (59, '::1', '', '2020-08-26 12:33:34', 'Mozilla/5.0 (Macintosh; Intel Mac OS X 10_14_6) AppleWebKit/537.36 (KHTML, like Gecko) Chrome/84.0.4147.135 Safari/537.36', 'home', '/');
INSERT INTO `log` VALUES (60, '::1', '', '2020-08-26 12:33:34', 'Mozilla/5.0 (Macintosh; Intel Mac OS X 10_14_6) AppleWebKit/537.36 (KHTML, like Gecko) Chrome/84.0.4147.135 Safari/537.36', 'home', '/');
INSERT INTO `log` VALUES (61, '::1', '', '2020-08-26 12:36:39', 'Mozilla/5.0 (Macintosh; Intel Mac OS X 10_14_6) AppleWebKit/537.36 (KHTML, like Gecko) Chrome/84.0.4147.135 Safari/537.36', 'article', '/');
INSERT INTO `log` VALUES (62, '::1', '', '2020-08-26 12:36:45', 'Mozilla/5.0 (Macintosh; Intel Mac OS X 10_14_6) AppleWebKit/537.36 (KHTML, like Gecko) Chrome/84.0.4147.135 Safari/537.36', 'article', '/');
INSERT INTO `log` VALUES (63, '::1', '', '2020-08-26 12:39:56', 'Mozilla/5.0 (Macintosh; Intel Mac OS X 10_14_6) AppleWebKit/537.36 (KHTML, like Gecko) Chrome/84.0.4147.135 Safari/537.36', 'article', '/');
INSERT INTO `log` VALUES (64, '::1', '', '2020-08-26 12:40:18', 'Mozilla/5.0 (Macintosh; Intel Mac OS X 10_14_6) AppleWebKit/537.36 (KHTML, like Gecko) Chrome/84.0.4147.135 Safari/537.36', 'article', '/');
INSERT INTO `log` VALUES (65, '::1', '', '2020-08-26 12:52:52', 'Mozilla/5.0 (Macintosh; Intel Mac OS X 10_14_6) AppleWebKit/537.36 (KHTML, like Gecko) Chrome/84.0.4147.135 Safari/537.36', 'article', '/');
INSERT INTO `log` VALUES (66, '::1', '', '2020-08-26 12:52:58', 'Mozilla/5.0 (Macintosh; Intel Mac OS X 10_14_6) AppleWebKit/537.36 (KHTML, like Gecko) Chrome/84.0.4147.135 Safari/537.36', 'article', '/');
INSERT INTO `log` VALUES (67, '::1', '', '2020-08-26 12:53:19', 'Mozilla/5.0 (Macintosh; Intel Mac OS X 10_14_6) AppleWebKit/537.36 (KHTML, like Gecko) Chrome/84.0.4147.135 Safari/537.36', 'article', '/');
INSERT INTO `log` VALUES (68, '::1', '', '2020-08-26 12:53:20', 'Mozilla/5.0 (Macintosh; Intel Mac OS X 10_14_6) AppleWebKit/537.36 (KHTML, like Gecko) Chrome/84.0.4147.135 Safari/537.36', 'article', '/');
INSERT INTO `log` VALUES (69, '::1', '', '2020-08-26 12:53:21', 'Mozilla/5.0 (Macintosh; Intel Mac OS X 10_14_6) AppleWebKit/537.36 (KHTML, like Gecko) Chrome/84.0.4147.135 Safari/537.36', 'article', '/');
INSERT INTO `log` VALUES (70, '::1', '', '2020-08-26 12:54:23', 'Mozilla/5.0 (Macintosh; Intel Mac OS X 10_14_6) AppleWebKit/537.36 (KHTML, like Gecko) Chrome/84.0.4147.135 Safari/537.36', 'article', '/');
INSERT INTO `log` VALUES (71, '::1', '', '2020-08-26 12:56:02', 'Mozilla/5.0 (Macintosh; Intel Mac OS X 10_14_6) AppleWebKit/537.36 (KHTML, like Gecko) Chrome/84.0.4147.135 Safari/537.36', 'article', '/');
INSERT INTO `log` VALUES (72, '::1', '', '2020-08-26 12:56:09', 'Mozilla/5.0 (Macintosh; Intel Mac OS X 10_14_6) AppleWebKit/537.36 (KHTML, like Gecko) Chrome/84.0.4147.135 Safari/537.36', 'article', '/');
INSERT INTO `log` VALUES (73, '::1', '', '2020-08-26 12:58:35', 'Mozilla/5.0 (Macintosh; Intel Mac OS X 10_14_6) AppleWebKit/537.36 (KHTML, like Gecko) Chrome/84.0.4147.135 Safari/537.36', 'detail', '/detail/1.html');
INSERT INTO `log` VALUES (74, '::1', '', '2020-08-26 12:59:44', 'Mozilla/5.0 (Macintosh; Intel Mac OS X 10_14_6) AppleWebKit/537.36 (KHTML, like Gecko) Chrome/84.0.4147.135 Safari/537.36', 'detail', '/detail/1.html');
INSERT INTO `log` VALUES (75, '::1', '', '2020-08-26 12:59:47', 'Mozilla/5.0 (Macintosh; Intel Mac OS X 10_14_6) AppleWebKit/537.36 (KHTML, like Gecko) Chrome/84.0.4147.135 Safari/537.36', 'article', '/');
INSERT INTO `log` VALUES (76, '::1', '', '2020-08-26 13:01:06', 'Mozilla/5.0 (Macintosh; Intel Mac OS X 10_14_6) AppleWebKit/537.36 (KHTML, like Gecko) Chrome/84.0.4147.135 Safari/537.36', 'article', '/');
INSERT INTO `log` VALUES (77, '::1', '', '2020-08-26 13:01:38', 'Mozilla/5.0 (Macintosh; Intel Mac OS X 10_14_6) AppleWebKit/537.36 (KHTML, like Gecko) Chrome/84.0.4147.135 Safari/537.36', 'article', '/');
INSERT INTO `log` VALUES (78, '::1', '', '2020-08-26 13:05:12', 'Mozilla/5.0 (Macintosh; Intel Mac OS X 10_14_6) AppleWebKit/537.36 (KHTML, like Gecko) Chrome/84.0.4147.135 Safari/537.36', 'article', '/');
INSERT INTO `log` VALUES (79, '::1', '', '2020-08-26 17:32:27', 'Mozilla/5.0 (Macintosh; Intel Mac OS X 10_14_6) AppleWebKit/537.36 (KHTML, like Gecko) Chrome/84.0.4147.135 Safari/537.36', 'article', '/');
INSERT INTO `log` VALUES (80, '::1', '', '2020-08-26 17:50:06', 'Mozilla/5.0 (Macintosh; Intel Mac OS X 10_14_6) AppleWebKit/537.36 (KHTML, like Gecko) Chrome/84.0.4147.135 Safari/537.36', 'article', '/');
INSERT INTO `log` VALUES (81, '::1', '', '2020-09-04 22:10:12', 'Mozilla/5.0 (Macintosh; Intel Mac OS X 10_14_6) AppleWebKit/537.36 (KHTML, like Gecko) Chrome/85.0.4183.83 Safari/537.36', 'article', '/');
INSERT INTO `log` VALUES (82, '::1', '', '2020-09-04 22:10:18', 'Mozilla/5.0 (Macintosh; Intel Mac OS X 10_14_6) AppleWebKit/537.36 (KHTML, like Gecko) Chrome/85.0.4183.83 Safari/537.36', 'article', '/');
INSERT INTO `log` VALUES (83, '::1', '', '2020-09-04 22:10:22', 'Mozilla/5.0 (Macintosh; Intel Mac OS X 10_14_6) AppleWebKit/537.36 (KHTML, like Gecko) Chrome/85.0.4183.83 Safari/537.36', 'article', '/');
INSERT INTO `log` VALUES (84, '::1', '', '2020-09-04 22:10:52', 'Mozilla/5.0 (Macintosh; Intel Mac OS X 10_14_6) AppleWebKit/537.36 (KHTML, like Gecko) Chrome/85.0.4183.83 Safari/537.36', 'article', '/');
INSERT INTO `log` VALUES (85, '::1', '', '2020-09-04 22:15:26', 'Mozilla/5.0 (Macintosh; Intel Mac OS X 10_14_6) AppleWebKit/537.36 (KHTML, like Gecko) Chrome/85.0.4183.83 Safari/537.36', 'article', '/');
INSERT INTO `log` VALUES (86, '::1', '', '2020-09-04 22:15:35', 'Mozilla/5.0 (Macintosh; Intel Mac OS X 10_14_6) AppleWebKit/537.36 (KHTML, like Gecko) Chrome/85.0.4183.83 Safari/537.36', 'article', '/');
INSERT INTO `log` VALUES (87, '::1', '', '2020-09-04 22:15:46', 'Mozilla/5.0 (Macintosh; Intel Mac OS X 10_14_6) AppleWebKit/537.36 (KHTML, like Gecko) Chrome/85.0.4183.83 Safari/537.36', 'article', '/');
INSERT INTO `log` VALUES (88, '::1', '', '2020-09-04 22:15:49', 'Mozilla/5.0 (Macintosh; Intel Mac OS X 10_14_6) AppleWebKit/537.36 (KHTML, like Gecko) Chrome/85.0.4183.83 Safari/537.36', 'article', '/');
INSERT INTO `log` VALUES (89, '::1', '', '2020-09-04 22:17:41', 'Mozilla/5.0 (Macintosh; Intel Mac OS X 10_14_6) AppleWebKit/537.36 (KHTML, like Gecko) Chrome/85.0.4183.83 Safari/537.36', 'article', '/');
INSERT INTO `log` VALUES (90, '::1', '', '2020-09-04 22:20:48', 'Mozilla/5.0 (Macintosh; Intel Mac OS X 10_14_6) AppleWebKit/537.36 (KHTML, like Gecko) Chrome/85.0.4183.83 Safari/537.36', 'article', '/');
INSERT INTO `log` VALUES (91, '::1', '', '2020-09-09 16:27:24', 'Mozilla/5.0 (Macintosh; Intel Mac OS X 10_14_6) AppleWebKit/537.36 (KHTML, like Gecko) Chrome/85.0.4183.83 Safari/537.36', 'article', '/');
INSERT INTO `log` VALUES (92, '::1', '', '2020-09-09 16:40:08', 'Mozilla/5.0 (Macintosh; Intel Mac OS X 10_14_6) AppleWebKit/537.36 (KHTML, like Gecko) Chrome/85.0.4183.83 Safari/537.36', 'article', '/');
INSERT INTO `log` VALUES (93, '::1', '', '2020-09-09 16:49:29', 'Mozilla/5.0 (Macintosh; Intel Mac OS X 10_14_6) AppleWebKit/537.36 (KHTML, like Gecko) Chrome/85.0.4183.83 Safari/537.36', 'article', '/');
INSERT INTO `log` VALUES (94, '::1', '', '2020-09-09 16:49:41', 'Mozilla/5.0 (Macintosh; Intel Mac OS X 10_14_6) AppleWebKit/537.36 (KHTML, like Gecko) Chrome/85.0.4183.83 Safari/537.36', 'article', '/');
INSERT INTO `log` VALUES (95, '::1', '', '2020-09-09 17:01:47', 'Mozilla/5.0 (Macintosh; Intel Mac OS X 10_14_6) AppleWebKit/537.36 (KHTML, like Gecko) Chrome/85.0.4183.83 Safari/537.36', 'article', '/');
INSERT INTO `log` VALUES (96, '::1', '', '2020-09-09 17:02:29', 'Mozilla/5.0 (Macintosh; Intel Mac OS X 10_14_6) AppleWebKit/537.36 (KHTML, like Gecko) Chrome/85.0.4183.83 Safari/537.36', 'article', '/list.html?tag=hi');
INSERT INTO `log` VALUES (97, '::1', '', '2020-09-09 17:02:49', 'Mozilla/5.0 (Macintosh; Intel Mac OS X 10_14_6) AppleWebKit/537.36 (KHTML, like Gecko) Chrome/85.0.4183.83 Safari/537.36', 'article', '/list.html?cate=%E9%9A%8F%E7%AC%94');
INSERT INTO `log` VALUES (98, '::1', '', '2020-09-09 17:03:16', 'Mozilla/5.0 (Macintosh; Intel Mac OS X 10_14_6) AppleWebKit/537.36 (KHTML, like Gecko) Chrome/85.0.4183.83 Safari/537.36', 'detail', '/detail/2.html');
INSERT INTO `log` VALUES (99, '::1', '', '2020-09-09 17:03:51', 'Mozilla/5.0 (Macintosh; Intel Mac OS X 10_14_6) AppleWebKit/537.36 (KHTML, like Gecko) Chrome/85.0.4183.83 Safari/537.36', 'article', '/list.html?date=2020-09');
INSERT INTO `log` VALUES (100, '::1', '', '2020-09-09 17:06:54', 'Mozilla/5.0 (Macintosh; Intel Mac OS X 10_14_6) AppleWebKit/537.36 (KHTML, like Gecko) Chrome/85.0.4183.83 Safari/537.36', 'article', '/');
INSERT INTO `log` VALUES (101, '::1', '', '2020-09-09 17:06:55', 'Mozilla/5.0 (Macintosh; Intel Mac OS X 10_14_6) AppleWebKit/537.36 (KHTML, like Gecko) Chrome/85.0.4183.83 Safari/537.36', 'article', '/');
INSERT INTO `log` VALUES (102, '::1', '', '2020-09-09 17:15:49', 'Mozilla/5.0 (Macintosh; Intel Mac OS X 10_14_6) AppleWebKit/537.36 (KHTML, like Gecko) Chrome/85.0.4183.83 Safari/537.36', 'article', '/list.html?tag=hi');
INSERT INTO `log` VALUES (103, '::1', '', '2020-09-09 17:15:54', 'Mozilla/5.0 (Macintosh; Intel Mac OS X 10_14_6) AppleWebKit/537.36 (KHTML, like Gecko) Chrome/85.0.4183.83 Safari/537.36', 'article', '/list.html?tag=%e7%94%9f%e6%b4%bb');
INSERT INTO `log` VALUES (104, '::1', '', '2020-09-09 17:38:22', 'Mozilla/5.0 (Macintosh; Intel Mac OS X 10_14_6) AppleWebKit/537.36 (KHTML, like Gecko) Chrome/85.0.4183.83 Safari/537.36', 'article', '/list.html?categoryId=1');
INSERT INTO `log` VALUES (105, '::1', '', '2020-09-09 17:38:29', 'Mozilla/5.0 (Macintosh; Intel Mac OS X 10_14_6) AppleWebKit/537.36 (KHTML, like Gecko) Chrome/85.0.4183.83 Safari/537.36', 'article', '/list.html?categoryId=2');
INSERT INTO `log` VALUES (106, '::1', '', '2020-09-09 17:39:26', 'Mozilla/5.0 (Macintosh; Intel Mac OS X 10_14_6) AppleWebKit/537.36 (KHTML, like Gecko) Chrome/85.0.4183.83 Safari/537.36', 'article', '/list.html?category=%E9%9A%8F%E7%AC%94');
INSERT INTO `log` VALUES (107, '::1', '', '2020-09-09 17:39:33', 'Mozilla/5.0 (Macintosh; Intel Mac OS X 10_14_6) AppleWebKit/537.36 (KHTML, like Gecko) Chrome/85.0.4183.83 Safari/537.36', 'article', '/list.html?category=%E9%9A%8F%E7%AC%94');
INSERT INTO `log` VALUES (108, '::1', '', '2020-09-09 17:39:38', 'Mozilla/5.0 (Macintosh; Intel Mac OS X 10_14_6) AppleWebKit/537.36 (KHTML, like Gecko) Chrome/85.0.4183.83 Safari/537.36', 'article', '/list.html?category=%E6%B5%8B%E8%AF%95');
INSERT INTO `log` VALUES (109, '::1', '', '2020-09-09 17:44:45', 'Mozilla/5.0 (Macintosh; Intel Mac OS X 10_14_6) AppleWebKit/537.36 (KHTML, like Gecko) Chrome/85.0.4183.83 Safari/537.36', 'article', '/list.html?category=%E6%B5%8B%E8%AF%95');
INSERT INTO `log` VALUES (110, '::1', '', '2020-09-09 17:44:51', 'Mozilla/5.0 (Macintosh; Intel Mac OS X 10_14_6) AppleWebKit/537.36 (KHTML, like Gecko) Chrome/85.0.4183.83 Safari/537.36', 'article', '/list.html');
INSERT INTO `log` VALUES (111, '::1', '', '2020-09-09 17:44:54', 'Mozilla/5.0 (Macintosh; Intel Mac OS X 10_14_6) AppleWebKit/537.36 (KHTML, like Gecko) Chrome/85.0.4183.83 Safari/537.36', 'article', '/list.html?cate=%e6%b5%8b%e8%af%95');
INSERT INTO `log` VALUES (112, '::1', '', '2020-09-09 17:44:58', 'Mozilla/5.0 (Macintosh; Intel Mac OS X 10_14_6) AppleWebKit/537.36 (KHTML, like Gecko) Chrome/85.0.4183.83 Safari/537.36', 'article', '/list.html?tag=%e7%94%9f%e6%b4%bb');
INSERT INTO `log` VALUES (113, '::1', '', '2020-09-09 17:45:05', 'Mozilla/5.0 (Macintosh; Intel Mac OS X 10_14_6) AppleWebKit/537.36 (KHTML, like Gecko) Chrome/85.0.4183.83 Safari/537.36', 'article', '/list.html?cate=%e9%9a%8f%e7%ac%94');
INSERT INTO `log` VALUES (114, '::1', '', '2020-09-09 17:59:54', 'Mozilla/5.0 (Macintosh; Intel Mac OS X 10_14_6) AppleWebKit/537.36 (KHTML, like Gecko) Chrome/85.0.4183.83 Safari/537.36', 'article', '/list.html');
INSERT INTO `log` VALUES (115, '::1', '', '2020-09-09 17:59:57', 'Mozilla/5.0 (Macintosh; Intel Mac OS X 10_14_6) AppleWebKit/537.36 (KHTML, like Gecko) Chrome/85.0.4183.83 Safari/537.36', 'article', '/list.html?cate=%e6%b5%8b%e8%af%95');
INSERT INTO `log` VALUES (116, '::1', '', '2020-09-09 17:59:58', 'Mozilla/5.0 (Macintosh; Intel Mac OS X 10_14_6) AppleWebKit/537.36 (KHTML, like Gecko) Chrome/85.0.4183.83 Safari/537.36', 'article', '/list.html?cate=%e6%b5%8b%e8%af%95');
INSERT INTO `log` VALUES (117, '::1', '', '2020-09-09 17:59:59', 'Mozilla/5.0 (Macintosh; Intel Mac OS X 10_14_6) AppleWebKit/537.36 (KHTML, like Gecko) Chrome/85.0.4183.83 Safari/537.36', 'article', '/list.html?cate=%e6%b5%8b%e8%af%95');
INSERT INTO `log` VALUES (118, '::1', '', '2020-09-09 18:00:01', 'Mozilla/5.0 (Macintosh; Intel Mac OS X 10_14_6) AppleWebKit/537.36 (KHTML, like Gecko) Chrome/85.0.4183.83 Safari/537.36', 'article', '/list.html?cate=%e9%9a%8f%e7%ac%94');
INSERT INTO `log` VALUES (119, '::1', '', '2020-09-09 18:00:26', 'Mozilla/5.0 (Macintosh; Intel Mac OS X 10_14_6) AppleWebKit/537.36 (KHTML, like Gecko) Chrome/85.0.4183.83 Safari/537.36', 'article', '/list.html?tag=%e7%94%9f%e6%b4%bb');
INSERT INTO `log` VALUES (120, '::1', '', '2020-09-09 18:03:45', 'Mozilla/5.0 (Macintosh; Intel Mac OS X 10_14_6) AppleWebKit/537.36 (KHTML, like Gecko) Chrome/85.0.4183.83 Safari/537.36', 'article', '/list.html');
INSERT INTO `log` VALUES (121, '::1', '', '2020-09-09 18:03:47', 'Mozilla/5.0 (Macintosh; Intel Mac OS X 10_14_6) AppleWebKit/537.36 (KHTML, like Gecko) Chrome/85.0.4183.83 Safari/537.36', 'article', '/list.html?cate=%e6%b5%8b%e8%af%95');
INSERT INTO `log` VALUES (122, '::1', '', '2020-09-09 18:03:49', 'Mozilla/5.0 (Macintosh; Intel Mac OS X 10_14_6) AppleWebKit/537.36 (KHTML, like Gecko) Chrome/85.0.4183.83 Safari/537.36', 'article', '/list.html?cate=%e6%b5%8b%e8%af%95');
INSERT INTO `log` VALUES (123, '::1', '', '2020-09-09 18:03:52', 'Mozilla/5.0 (Macintosh; Intel Mac OS X 10_14_6) AppleWebKit/537.36 (KHTML, like Gecko) Chrome/85.0.4183.83 Safari/537.36', 'article', '/list.html?cate=%e9%9a%8f%e7%ac%94');
INSERT INTO `log` VALUES (124, '::1', '', '2020-09-09 18:09:12', 'Mozilla/5.0 (Macintosh; Intel Mac OS X 10_14_6) AppleWebKit/537.36 (KHTML, like Gecko) Chrome/85.0.4183.83 Safari/537.36', 'article', '/list.html');
INSERT INTO `log` VALUES (125, '::1', '', '2020-09-09 18:09:15', 'Mozilla/5.0 (Macintosh; Intel Mac OS X 10_14_6) AppleWebKit/537.36 (KHTML, like Gecko) Chrome/85.0.4183.83 Safari/537.36', 'article', '/list.html?cate=%e9%9a%8f%e7%ac%94');
INSERT INTO `log` VALUES (126, '::1', '', '2020-09-09 18:09:19', 'Mozilla/5.0 (Macintosh; Intel Mac OS X 10_14_6) AppleWebKit/537.36 (KHTML, like Gecko) Chrome/85.0.4183.83 Safari/537.36', 'article', '/list.html?cate=%e9%9a%8f%e7%ac%94');
INSERT INTO `log` VALUES (127, '::1', '', '2020-09-09 18:09:20', 'Mozilla/5.0 (Macintosh; Intel Mac OS X 10_14_6) AppleWebKit/537.36 (KHTML, like Gecko) Chrome/85.0.4183.83 Safari/537.36', 'article', '/list.html?cate=%e9%9a%8f%e7%ac%94');
INSERT INTO `log` VALUES (128, '::1', '', '2020-09-09 18:09:20', 'Mozilla/5.0 (Macintosh; Intel Mac OS X 10_14_6) AppleWebKit/537.36 (KHTML, like Gecko) Chrome/85.0.4183.83 Safari/537.36', 'article', '/list.html?cate=%e9%9a%8f%e7%ac%94');
INSERT INTO `log` VALUES (129, '::1', '', '2020-09-09 18:09:21', 'Mozilla/5.0 (Macintosh; Intel Mac OS X 10_14_6) AppleWebKit/537.36 (KHTML, like Gecko) Chrome/85.0.4183.83 Safari/537.36', 'article', '/list.html?cate=%e9%9a%8f%e7%ac%94');
INSERT INTO `log` VALUES (130, '::1', '', '2020-09-09 18:09:22', 'Mozilla/5.0 (Macintosh; Intel Mac OS X 10_14_6) AppleWebKit/537.36 (KHTML, like Gecko) Chrome/85.0.4183.83 Safari/537.36', 'article', '/list.html?cate=%e9%9a%8f%e7%ac%94');
INSERT INTO `log` VALUES (131, '::1', '', '2020-09-09 18:09:22', 'Mozilla/5.0 (Macintosh; Intel Mac OS X 10_14_6) AppleWebKit/537.36 (KHTML, like Gecko) Chrome/85.0.4183.83 Safari/537.36', 'article', '/list.html?cate=%e9%9a%8f%e7%ac%94');
INSERT INTO `log` VALUES (132, '::1', '', '2020-09-09 18:12:29', 'Mozilla/5.0 (Macintosh; Intel Mac OS X 10_14_6) AppleWebKit/537.36 (KHTML, like Gecko) Chrome/85.0.4183.83 Safari/537.36', 'article', '/list.html?cate=%e9%9a%8f%e7%ac%94');
INSERT INTO `log` VALUES (133, '::1', '', '2020-09-09 18:12:30', 'Mozilla/5.0 (Macintosh; Intel Mac OS X 10_14_6) AppleWebKit/537.36 (KHTML, like Gecko) Chrome/85.0.4183.83 Safari/537.36', 'article', '/list.html?cate=%e9%9a%8f%e7%ac%94');
INSERT INTO `log` VALUES (134, '::1', '', '2020-09-09 18:12:42', 'Mozilla/5.0 (Macintosh; Intel Mac OS X 10_14_6) AppleWebKit/537.36 (KHTML, like Gecko) Chrome/85.0.4183.83 Safari/537.36', 'article', '/list.html?cate=%e9%9a%8f%e7%ac%94');
INSERT INTO `log` VALUES (135, '::1', '', '2020-09-09 18:12:45', 'Mozilla/5.0 (Macintosh; Intel Mac OS X 10_14_6) AppleWebKit/537.36 (KHTML, like Gecko) Chrome/85.0.4183.83 Safari/537.36', 'article', '/list.html?cate=%e9%9a%8f%e7%ac%94');
INSERT INTO `log` VALUES (136, '::1', '', '2020-09-09 18:12:45', 'Mozilla/5.0 (Macintosh; Intel Mac OS X 10_14_6) AppleWebKit/537.36 (KHTML, like Gecko) Chrome/85.0.4183.83 Safari/537.36', 'article', '/list.html?cate=%e9%9a%8f%e7%ac%94');
INSERT INTO `log` VALUES (137, '::1', '', '2020-09-09 18:25:00', 'Mozilla/5.0 (Macintosh; Intel Mac OS X 10_14_6) AppleWebKit/537.36 (KHTML, like Gecko) Chrome/85.0.4183.83 Safari/537.36', 'article', '/list.html');
INSERT INTO `log` VALUES (138, '::1', '', '2020-09-09 19:23:21', 'Mozilla/5.0 (Macintosh; Intel Mac OS X 10_14_6) AppleWebKit/537.36 (KHTML, like Gecko) Chrome/85.0.4183.83 Safari/537.36', 'article', '/');
INSERT INTO `log` VALUES (139, '::1', '', '2020-09-09 19:23:24', 'Mozilla/5.0 (Macintosh; Intel Mac OS X 10_14_6) AppleWebKit/537.36 (KHTML, like Gecko) Chrome/85.0.4183.83 Safari/537.36', 'article', '/list.html?cate=test');
INSERT INTO `log` VALUES (140, '::1', '', '2020-09-09 19:23:30', 'Mozilla/5.0 (Macintosh; Intel Mac OS X 10_14_6) AppleWebKit/537.36 (KHTML, like Gecko) Chrome/85.0.4183.83 Safari/537.36', 'article', '/list.html?cate=suibi');
INSERT INTO `log` VALUES (141, '::1', '', '2020-09-09 19:32:58', 'Mozilla/5.0 (Macintosh; Intel Mac OS X 10_14_6) AppleWebKit/537.36 (KHTML, like Gecko) Chrome/85.0.4183.83 Safari/537.36', 'article', '/');
INSERT INTO `log` VALUES (142, '::1', '', '2020-09-09 19:33:02', 'Mozilla/5.0 (Macintosh; Intel Mac OS X 10_14_6) AppleWebKit/537.36 (KHTML, like Gecko) Chrome/85.0.4183.83 Safari/537.36', 'article', '/list.html?cate=test');
INSERT INTO `log` VALUES (143, '::1', '', '2020-09-09 19:33:06', 'Mozilla/5.0 (Macintosh; Intel Mac OS X 10_14_6) AppleWebKit/537.36 (KHTML, like Gecko) Chrome/85.0.4183.83 Safari/537.36', 'detail', '/detail/2.html');
INSERT INTO `log` VALUES (144, '::1', '', '2020-09-10 02:06:29', 'Mozilla/5.0 (Macintosh; Intel Mac OS X 10_14_6) AppleWebKit/537.36 (KHTML, like Gecko) Chrome/85.0.4183.83 Safari/537.36', 'article', '/');
INSERT INTO `log` VALUES (145, '::1', '', '2020-09-10 02:09:49', 'Mozilla/5.0 (Macintosh; Intel Mac OS X 10_14_6) AppleWebKit/537.36 (KHTML, like Gecko) Chrome/85.0.4183.83 Safari/537.36', 'article', '/list.html?tag=hi');
INSERT INTO `log` VALUES (146, '::1', '', '2020-09-10 02:10:29', 'Mozilla/5.0 (Macintosh; Intel Mac OS X 10_14_6) AppleWebKit/537.36 (KHTML, like Gecko) Chrome/85.0.4183.83 Safari/537.36', 'article', '/list.html?tag=%e7%94%9f%e6%b4%bb');
INSERT INTO `log` VALUES (147, '::1', '', '2020-09-10 02:10:36', 'Mozilla/5.0 (Macintosh; Intel Mac OS X 10_14_6) AppleWebKit/537.36 (KHTML, like Gecko) Chrome/85.0.4183.83 Safari/537.36', 'detail', '/detail/1.html');
INSERT INTO `log` VALUES (148, '::1', '', '2020-09-10 02:11:05', 'Mozilla/5.0 (Macintosh; Intel Mac OS X 10_14_6) AppleWebKit/537.36 (KHTML, like Gecko) Chrome/85.0.4183.83 Safari/537.36', 'article', '/');
INSERT INTO `log` VALUES (149, '::1', '', '2020-09-10 02:24:25', 'Mozilla/5.0 (Macintosh; Intel Mac OS X 10_14_6) AppleWebKit/537.36 (KHTML, like Gecko) Chrome/85.0.4183.83 Safari/537.36', 'article', '/');
INSERT INTO `log` VALUES (150, '::1', '', '2020-09-10 02:27:40', 'Mozilla/5.0 (Macintosh; Intel Mac OS X 10_14_6) AppleWebKit/537.36 (KHTML, like Gecko) Chrome/85.0.4183.83 Safari/537.36', 'article', '/');
INSERT INTO `log` VALUES (151, '::1', '', '2020-09-10 02:29:39', 'Mozilla/5.0 (Macintosh; Intel Mac OS X 10_14_6) AppleWebKit/537.36 (KHTML, like Gecko) Chrome/85.0.4183.83 Safari/537.36', 'article', '/');
INSERT INTO `log` VALUES (152, '::1', '', '2020-09-10 02:30:52', 'Mozilla/5.0 (Macintosh; Intel Mac OS X 10_14_6) AppleWebKit/537.36 (KHTML, like Gecko) Chrome/85.0.4183.83 Safari/537.36', 'article', '/');
INSERT INTO `log` VALUES (153, '::1', '', '2020-09-10 02:31:33', 'Mozilla/5.0 (Macintosh; Intel Mac OS X 10_14_6) AppleWebKit/537.36 (KHTML, like Gecko) Chrome/85.0.4183.83 Safari/537.36', 'article', '/');
INSERT INTO `log` VALUES (154, '::1', '', '2020-09-10 02:34:06', 'Mozilla/5.0 (Macintosh; Intel Mac OS X 10_14_6) AppleWebKit/537.36 (KHTML, like Gecko) Chrome/85.0.4183.83 Safari/537.36', 'article', '/');
INSERT INTO `log` VALUES (155, '::1', '', '2020-09-10 02:44:05', 'Mozilla/5.0 (Macintosh; Intel Mac OS X 10_14_6) AppleWebKit/537.36 (KHTML, like Gecko) Chrome/85.0.4183.83 Safari/537.36', 'article', '/');
INSERT INTO `log` VALUES (156, '::1', '', '2020-09-10 02:45:05', 'Mozilla/5.0 (Macintosh; Intel Mac OS X 10_14_6) AppleWebKit/537.36 (KHTML, like Gecko) Chrome/85.0.4183.83 Safari/537.36', 'article', '/');
INSERT INTO `log` VALUES (157, '::1', '', '2020-09-10 02:46:18', 'Mozilla/5.0 (Macintosh; Intel Mac OS X 10_14_6) AppleWebKit/537.36 (KHTML, like Gecko) Chrome/85.0.4183.83 Safari/537.36', 'article', '/');
INSERT INTO `log` VALUES (158, '::1', '', '2020-09-10 02:46:32', 'Mozilla/5.0 (Macintosh; Intel Mac OS X 10_14_6) AppleWebKit/537.36 (KHTML, like Gecko) Chrome/85.0.4183.83 Safari/537.36', 'article', '/');
INSERT INTO `log` VALUES (159, '::1', '', '2020-09-10 13:54:52', 'Mozilla/5.0 (Macintosh; Intel Mac OS X 10_14_6) AppleWebKit/537.36 (KHTML, like Gecko) Chrome/85.0.4183.83 Safari/537.36', 'article', '/');
INSERT INTO `log` VALUES (160, '::1', '', '2020-09-10 13:55:41', 'Mozilla/5.0 (Macintosh; Intel Mac OS X 10_14_6) AppleWebKit/537.36 (KHTML, like Gecko) Chrome/85.0.4183.83 Safari/537.36', 'detail', '/detail/2.html');
INSERT INTO `log` VALUES (161, '::1', '', '2020-09-10 13:57:01', 'Mozilla/5.0 (Macintosh; Intel Mac OS X 10_14_6) AppleWebKit/537.36 (KHTML, like Gecko) Chrome/85.0.4183.83 Safari/537.36', 'detail', '/detail/1.html');
INSERT INTO `log` VALUES (162, '::1', '', '2020-09-10 13:58:47', 'Mozilla/5.0 (Macintosh; Intel Mac OS X 10_14_6) AppleWebKit/537.36 (KHTML, like Gecko) Chrome/85.0.4183.83 Safari/537.36', 'article', '/');
INSERT INTO `log` VALUES (163, '::1', '', '2020-09-10 13:59:35', 'Mozilla/5.0 (Macintosh; Intel Mac OS X 10_14_6) AppleWebKit/537.36 (KHTML, like Gecko) Chrome/85.0.4183.83 Safari/537.36', 'article', '/');
INSERT INTO `log` VALUES (164, '::1', '', '2020-09-10 14:03:49', 'Mozilla/5.0 (Macintosh; Intel Mac OS X 10_14_6) AppleWebKit/537.36 (KHTML, like Gecko) Chrome/85.0.4183.83 Safari/537.36', 'article', '/');
INSERT INTO `log` VALUES (165, '::1', '', '2020-09-10 14:24:35', 'Mozilla/5.0 (Macintosh; Intel Mac OS X 10_14_6) AppleWebKit/537.36 (KHTML, like Gecko) Chrome/85.0.4183.83 Safari/537.36', 'article', '/');
INSERT INTO `log` VALUES (166, '::1', '', '2020-09-10 14:29:26', 'Mozilla/5.0 (Macintosh; Intel Mac OS X 10_14_6) AppleWebKit/537.36 (KHTML, like Gecko) Chrome/85.0.4183.83 Safari/537.36', 'article', '/');
INSERT INTO `log` VALUES (167, '::1', '', '2020-09-10 14:44:19', 'Mozilla/5.0 (Macintosh; Intel Mac OS X 10_14_6) AppleWebKit/537.36 (KHTML, like Gecko) Chrome/85.0.4183.83 Safari/537.36', 'article', '/');
INSERT INTO `log` VALUES (168, '::1', '', '2020-09-10 14:45:41', 'Mozilla/5.0 (Macintosh; Intel Mac OS X 10_14_6) AppleWebKit/537.36 (KHTML, like Gecko) Chrome/85.0.4183.83 Safari/537.36', 'article', '/');
INSERT INTO `log` VALUES (169, '::1', '', '2020-09-10 15:31:39', 'Mozilla/5.0 (Macintosh; Intel Mac OS X 10_14_6) AppleWebKit/537.36 (KHTML, like Gecko) Chrome/85.0.4183.83 Safari/537.36', 'article', '/');
INSERT INTO `log` VALUES (170, '::1', '', '2020-09-10 15:35:00', 'Mozilla/5.0 (Macintosh; Intel Mac OS X 10_14_6) AppleWebKit/537.36 (KHTML, like Gecko) Chrome/85.0.4183.83 Safari/537.36', 'article', '/');
INSERT INTO `log` VALUES (171, '::1', '', '2020-09-10 15:35:46', 'Mozilla/5.0 (Macintosh; Intel Mac OS X 10_14_6) AppleWebKit/537.36 (KHTML, like Gecko) Chrome/85.0.4183.83 Safari/537.36', 'article', '/');
INSERT INTO `log` VALUES (172, '::1', '', '2020-09-10 15:35:52', 'Mozilla/5.0 (Macintosh; Intel Mac OS X 10_14_6) AppleWebKit/537.36 (KHTML, like Gecko) Chrome/85.0.4183.83 Safari/537.36', 'article', '/');
INSERT INTO `log` VALUES (173, '::1', '', '2020-09-10 15:36:16', 'Mozilla/5.0 (Macintosh; Intel Mac OS X 10_14_6) AppleWebKit/537.36 (KHTML, like Gecko) Chrome/85.0.4183.83 Safari/537.36', 'article', '/');
INSERT INTO `log` VALUES (174, '::1', '', '2020-09-10 15:36:18', 'Mozilla/5.0 (Macintosh; Intel Mac OS X 10_14_6) AppleWebKit/537.36 (KHTML, like Gecko) Chrome/85.0.4183.83 Safari/537.36', 'article', '/');
INSERT INTO `log` VALUES (175, '::1', '', '2020-09-10 15:36:23', 'Mozilla/5.0 (Macintosh; Intel Mac OS X 10_14_6) AppleWebKit/537.36 (KHTML, like Gecko) Chrome/85.0.4183.83 Safari/537.36', 'article', '/');
INSERT INTO `log` VALUES (176, '::1', '', '2020-09-10 15:38:44', 'Mozilla/5.0 (Macintosh; Intel Mac OS X 10_14_6) AppleWebKit/537.36 (KHTML, like Gecko) Chrome/85.0.4183.83 Safari/537.36', 'detail', '/detail/2.html');
INSERT INTO `log` VALUES (177, '::1', '', '2020-09-10 15:39:30', 'Mozilla/5.0 (Macintosh; Intel Mac OS X 10_14_6) AppleWebKit/537.36 (KHTML, like Gecko) Chrome/85.0.4183.83 Safari/537.36', 'detail', '/detail/2.html');
INSERT INTO `log` VALUES (178, '::1', '', '2020-09-10 15:40:21', 'Mozilla/5.0 (Macintosh; Intel Mac OS X 10_14_6) AppleWebKit/537.36 (KHTML, like Gecko) Chrome/85.0.4183.83 Safari/537.36', 'article', '/');
INSERT INTO `log` VALUES (179, '::1', '', '2020-09-10 15:40:31', 'Mozilla/5.0 (Macintosh; Intel Mac OS X 10_14_6) AppleWebKit/537.36 (KHTML, like Gecko) Chrome/85.0.4183.83 Safari/537.36', 'detail', '/detail/2.html');
INSERT INTO `log` VALUES (180, '::1', '', '2020-09-10 15:41:07', 'Mozilla/5.0 (Macintosh; Intel Mac OS X 10_14_6) AppleWebKit/537.36 (KHTML, like Gecko) Chrome/85.0.4183.83 Safari/537.36', 'detail', '/detail/2.html');
INSERT INTO `log` VALUES (181, '::1', '', '2020-09-10 16:06:34', 'Mozilla/5.0 (Macintosh; Intel Mac OS X 10_14_6) AppleWebKit/537.36 (KHTML, like Gecko) Chrome/85.0.4183.83 Safari/537.36', 'article', '/');
INSERT INTO `log` VALUES (182, '::1', '', '2020-09-10 16:07:41', 'Mozilla/5.0 (Macintosh; Intel Mac OS X 10_14_6) AppleWebKit/537.36 (KHTML, like Gecko) Chrome/85.0.4183.83 Safari/537.36', 'article', '/');
INSERT INTO `log` VALUES (183, '::1', '', '2020-09-10 16:27:57', 'Mozilla/5.0 (Macintosh; Intel Mac OS X 10_14_6) AppleWebKit/537.36 (KHTML, like Gecko) Chrome/85.0.4183.83 Safari/537.36', 'article', '/');
INSERT INTO `log` VALUES (184, '::1', '', '2020-09-10 16:28:13', 'Mozilla/5.0 (Macintosh; Intel Mac OS X 10_14_6) AppleWebKit/537.36 (KHTML, like Gecko) Chrome/85.0.4183.83 Safari/537.36', 'article', '/');
INSERT INTO `log` VALUES (185, '::1', '', '2020-09-10 16:28:15', 'Mozilla/5.0 (Macintosh; Intel Mac OS X 10_14_6) AppleWebKit/537.36 (KHTML, like Gecko) Chrome/85.0.4183.83 Safari/537.36', 'article', '/');
INSERT INTO `log` VALUES (186, '::1', '', '2020-09-10 16:35:41', 'Mozilla/5.0 (Macintosh; Intel Mac OS X 10_14_6) AppleWebKit/537.36 (KHTML, like Gecko) Chrome/85.0.4183.83 Safari/537.36', 'article', '/');
INSERT INTO `log` VALUES (187, '::1', '', '2020-09-10 16:40:33', 'Mozilla/5.0 (Macintosh; Intel Mac OS X 10_14_6) AppleWebKit/537.36 (KHTML, like Gecko) Chrome/85.0.4183.83 Safari/537.36', 'article', '/');
INSERT INTO `log` VALUES (188, '::1', '', '2020-09-10 16:40:45', 'Mozilla/5.0 (Macintosh; Intel Mac OS X 10_14_6) AppleWebKit/537.36 (KHTML, like Gecko) Chrome/85.0.4183.83 Safari/537.36', 'article', '/');
INSERT INTO `log` VALUES (189, '::1', '', '2020-09-10 16:41:01', 'Mozilla/5.0 (Macintosh; Intel Mac OS X 10_14_6) AppleWebKit/537.36 (KHTML, like Gecko) Chrome/85.0.4183.83 Safari/537.36', 'article', '/');
INSERT INTO `log` VALUES (190, '::1', '', '2020-09-10 16:43:56', 'Mozilla/5.0 (Macintosh; Intel Mac OS X 10_14_6) AppleWebKit/537.36 (KHTML, like Gecko) Chrome/85.0.4183.83 Safari/537.36', 'article', '/');
INSERT INTO `log` VALUES (191, '::1', '', '2020-09-10 16:44:03', 'Mozilla/5.0 (Macintosh; Intel Mac OS X 10_14_6) AppleWebKit/537.36 (KHTML, like Gecko) Chrome/85.0.4183.83 Safari/537.36', 'article', '/');
INSERT INTO `log` VALUES (192, '::1', '', '2020-09-10 16:44:21', 'Mozilla/5.0 (Macintosh; Intel Mac OS X 10_14_6) AppleWebKit/537.36 (KHTML, like Gecko) Chrome/85.0.4183.83 Safari/537.36', 'article', '/');
INSERT INTO `log` VALUES (193, '::1', '', '2020-09-10 16:48:40', 'Mozilla/5.0 (Macintosh; Intel Mac OS X 10_14_6) AppleWebKit/537.36 (KHTML, like Gecko) Chrome/85.0.4183.83 Safari/537.36', 'article', '/');
INSERT INTO `log` VALUES (194, '::1', '', '2020-09-10 16:51:22', 'Mozilla/5.0 (Macintosh; Intel Mac OS X 10_14_6) AppleWebKit/537.36 (KHTML, like Gecko) Chrome/85.0.4183.83 Safari/537.36', 'article', '/');
INSERT INTO `log` VALUES (195, '::1', '', '2020-09-10 16:55:43', 'Mozilla/5.0 (Macintosh; Intel Mac OS X 10_14_6) AppleWebKit/537.36 (KHTML, like Gecko) Chrome/85.0.4183.83 Safari/537.36', 'article', '/');
INSERT INTO `log` VALUES (196, '::1', '', '2020-09-10 17:02:33', 'Mozilla/5.0 (Macintosh; Intel Mac OS X 10_14_6) AppleWebKit/537.36 (KHTML, like Gecko) Chrome/85.0.4183.83 Safari/537.36', 'article', '/');
INSERT INTO `log` VALUES (197, '::1', '', '2020-09-10 17:03:10', 'Mozilla/5.0 (Macintosh; Intel Mac OS X 10_14_6) AppleWebKit/537.36 (KHTML, like Gecko) Chrome/85.0.4183.83 Safari/537.36', 'article', '/');
INSERT INTO `log` VALUES (198, '::1', '', '2020-09-10 17:05:56', 'Mozilla/5.0 (Macintosh; Intel Mac OS X 10_14_6) AppleWebKit/537.36 (KHTML, like Gecko) Chrome/85.0.4183.83 Safari/537.36', 'article', '/');
INSERT INTO `log` VALUES (199, '::1', '', '2020-09-10 17:09:23', 'Mozilla/5.0 (Macintosh; Intel Mac OS X 10_14_6) AppleWebKit/537.36 (KHTML, like Gecko) Chrome/85.0.4183.83 Safari/537.36', 'article', '/');
INSERT INTO `log` VALUES (200, '::1', '', '2020-09-10 17:12:19', 'Mozilla/5.0 (Macintosh; Intel Mac OS X 10_14_6) AppleWebKit/537.36 (KHTML, like Gecko) Chrome/85.0.4183.83 Safari/537.36', 'article', '/');
INSERT INTO `log` VALUES (201, '::1', '', '2020-09-10 17:14:39', 'Mozilla/5.0 (Macintosh; Intel Mac OS X 10_14_6) AppleWebKit/537.36 (KHTML, like Gecko) Chrome/85.0.4183.83 Safari/537.36', 'article', '/');
INSERT INTO `log` VALUES (202, '::1', '', '2020-09-10 17:19:23', 'Mozilla/5.0 (Macintosh; Intel Mac OS X 10_14_6) AppleWebKit/537.36 (KHTML, like Gecko) Chrome/85.0.4183.83 Safari/537.36', 'article', '/');
INSERT INTO `log` VALUES (203, '::1', '', '2020-09-10 17:19:32', 'Mozilla/5.0 (Macintosh; Intel Mac OS X 10_14_6) AppleWebKit/537.36 (KHTML, like Gecko) Chrome/85.0.4183.83 Safari/537.36', 'article', '/');
INSERT INTO `log` VALUES (204, '::1', '', '2020-09-10 17:21:25', 'Mozilla/5.0 (Macintosh; Intel Mac OS X 10_14_6) AppleWebKit/537.36 (KHTML, like Gecko) Chrome/85.0.4183.83 Safari/537.36', 'article', '/');
INSERT INTO `log` VALUES (205, '::1', '', '2020-09-10 17:24:39', 'Mozilla/5.0 (Macintosh; Intel Mac OS X 10_14_6) AppleWebKit/537.36 (KHTML, like Gecko) Chrome/85.0.4183.83 Safari/537.36', 'article', '/');
INSERT INTO `log` VALUES (206, '::1', '', '2020-09-10 17:24:58', 'Mozilla/5.0 (Macintosh; Intel Mac OS X 10_14_6) AppleWebKit/537.36 (KHTML, like Gecko) Chrome/85.0.4183.83 Safari/537.36', 'detail', '/detail/2.html');
INSERT INTO `log` VALUES (207, '::1', '', '2020-09-10 17:27:05', 'Mozilla/5.0 (Macintosh; Intel Mac OS X 10_14_6) AppleWebKit/537.36 (KHTML, like Gecko) Chrome/85.0.4183.83 Safari/537.36', 'article', '/');
INSERT INTO `log` VALUES (208, '::1', '', '2020-09-10 17:27:10', 'Mozilla/5.0 (Macintosh; Intel Mac OS X 10_14_6) AppleWebKit/537.36 (KHTML, like Gecko) Chrome/85.0.4183.83 Safari/537.36', 'article', '/');
INSERT INTO `log` VALUES (209, '::1', '', '2020-09-10 18:58:54', 'Mozilla/5.0 (Macintosh; Intel Mac OS X 10_14_6) AppleWebKit/537.36 (KHTML, like Gecko) Chrome/85.0.4183.83 Safari/537.36', 'article', '/');
INSERT INTO `log` VALUES (210, '::1', '', '2020-09-10 18:59:05', 'Mozilla/5.0 (Macintosh; Intel Mac OS X 10_14_6) AppleWebKit/537.36 (KHTML, like Gecko) Chrome/85.0.4183.83 Safari/537.36', 'article', '/');
INSERT INTO `log` VALUES (211, '::1', '', '2020-09-10 18:59:20', 'Mozilla/5.0 (Macintosh; Intel Mac OS X 10_14_6) AppleWebKit/537.36 (KHTML, like Gecko) Chrome/85.0.4183.83 Safari/537.36', 'article', '/');
INSERT INTO `log` VALUES (212, '::1', '', '2020-09-10 20:06:19', 'Mozilla/5.0 (Macintosh; Intel Mac OS X 10_14_6) AppleWebKit/537.36 (KHTML, like Gecko) Chrome/85.0.4183.83 Safari/537.36', 'article', '/');
INSERT INTO `log` VALUES (213, '::1', '', '2020-09-10 20:06:25', 'Mozilla/5.0 (Macintosh; Intel Mac OS X 10_14_6) AppleWebKit/537.36 (KHTML, like Gecko) Chrome/85.0.4183.83 Safari/537.36', 'article', '/list.html?cate=test');
INSERT INTO `log` VALUES (214, '::1', '', '2020-09-10 20:06:31', 'Mozilla/5.0 (Macintosh; Intel Mac OS X 10_14_6) AppleWebKit/537.36 (KHTML, like Gecko) Chrome/85.0.4183.83 Safari/537.36', 'detail', '/detail/2.html');
INSERT INTO `log` VALUES (215, '::1', '', '2020-09-10 20:06:51', 'Mozilla/5.0 (Macintosh; Intel Mac OS X 10_14_6) AppleWebKit/537.36 (KHTML, like Gecko) Chrome/85.0.4183.83 Safari/537.36', 'detail', '/detail/2.html');
INSERT INTO `log` VALUES (216, '::1', '', '2020-09-10 20:53:20', 'Mozilla/5.0 (Macintosh; Intel Mac OS X 10_14_6) AppleWebKit/537.36 (KHTML, like Gecko) Chrome/85.0.4183.83 Safari/537.36', 'article', '/');
INSERT INTO `log` VALUES (217, '::1', '', '2020-09-10 22:24:53', 'Mozilla/5.0 (Macintosh; Intel Mac OS X 10_14_6) AppleWebKit/537.36 (KHTML, like Gecko) Chrome/85.0.4183.83 Safari/537.36', 'article', '/');
INSERT INTO `log` VALUES (218, '::1', '', '2020-09-10 22:25:03', 'Mozilla/5.0 (Macintosh; Intel Mac OS X 10_14_6) AppleWebKit/537.36 (KHTML, like Gecko) Chrome/85.0.4183.83 Safari/537.36', 'detail', '/detail/1.html');
INSERT INTO `log` VALUES (219, '::1', '', '2020-09-10 22:25:54', 'Mozilla/5.0 (Macintosh; Intel Mac OS X 10_14_6) AppleWebKit/537.36 (KHTML, like Gecko) Chrome/85.0.4183.83 Safari/537.36', 'detail', '/detail/1.html');
INSERT INTO `log` VALUES (220, '::1', '', '2020-09-10 22:26:33', 'Mozilla/5.0 (Macintosh; Intel Mac OS X 10_14_6) AppleWebKit/537.36 (KHTML, like Gecko) Chrome/85.0.4183.83 Safari/537.36', 'detail', '/detail/1.html');
INSERT INTO `log` VALUES (221, '::1', '', '2020-09-10 22:27:29', 'Mozilla/5.0 (Macintosh; Intel Mac OS X 10_14_6) AppleWebKit/537.36 (KHTML, like Gecko) Chrome/85.0.4183.83 Safari/537.36', 'detail', '/detail/1.html');
INSERT INTO `log` VALUES (222, '::1', '', '2020-09-11 11:57:47', 'Mozilla/5.0 (Macintosh; Intel Mac OS X 10_14_6) AppleWebKit/537.36 (KHTML, like Gecko) Chrome/85.0.4183.83 Safari/537.36', 'article', '/');
INSERT INTO `log` VALUES (223, '::1', '', '2020-09-11 12:56:43', 'Mozilla/5.0 (Macintosh; Intel Mac OS X 10_14_6) AppleWebKit/537.36 (KHTML, like Gecko) Chrome/85.0.4183.102 Safari/537.36', 'article', '/');
INSERT INTO `log` VALUES (224, '::1', '', '2020-09-11 13:07:10', 'Mozilla/5.0 (Macintosh; Intel Mac OS X 10_14_6) AppleWebKit/537.36 (KHTML, like Gecko) Chrome/85.0.4183.102 Safari/537.36', 'article', '/');
INSERT INTO `log` VALUES (225, '::1', '', '2020-09-11 14:04:05', 'Mozilla/5.0 (Macintosh; Intel Mac OS X 10_14_6) AppleWebKit/537.36 (KHTML, like Gecko) Chrome/85.0.4183.102 Safari/537.36', 'article', '/');
INSERT INTO `log` VALUES (226, '::1', '', '2020-09-11 14:15:31', 'Mozilla/5.0 (Macintosh; Intel Mac OS X 10_14_6) AppleWebKit/537.36 (KHTML, like Gecko) Chrome/85.0.4183.102 Safari/537.36', 'article', '/');
INSERT INTO `log` VALUES (227, '::1', '', '2020-09-11 14:19:43', 'Mozilla/5.0 (Macintosh; Intel Mac OS X 10_14_6) AppleWebKit/537.36 (KHTML, like Gecko) Chrome/85.0.4183.102 Safari/537.36', 'article', '/');
INSERT INTO `log` VALUES (228, '::1', '', '2020-09-11 14:20:22', 'Mozilla/5.0 (Macintosh; Intel Mac OS X 10_14_6) AppleWebKit/537.36 (KHTML, like Gecko) Chrome/85.0.4183.102 Safari/537.36', 'article', '/');
INSERT INTO `log` VALUES (229, '::1', '', '2020-09-11 14:21:01', 'Mozilla/5.0 (Macintosh; Intel Mac OS X 10_14_6) AppleWebKit/537.36 (KHTML, like Gecko) Chrome/85.0.4183.102 Safari/537.36', 'article', '/');
INSERT INTO `log` VALUES (230, '::1', '', '2020-09-11 14:31:28', 'Mozilla/5.0 (Macintosh; Intel Mac OS X 10_14_6) AppleWebKit/537.36 (KHTML, like Gecko) Chrome/85.0.4183.102 Safari/537.36', 'article', '/');
INSERT INTO `log` VALUES (231, '::1', '', '2020-09-11 14:34:49', 'Mozilla/5.0 (Macintosh; Intel Mac OS X 10_14_6) AppleWebKit/537.36 (KHTML, like Gecko) Chrome/85.0.4183.102 Safari/537.36', 'article', '/');
INSERT INTO `log` VALUES (232, '::1', '', '2020-09-11 14:35:16', 'Mozilla/5.0 (Macintosh; Intel Mac OS X 10_14_6) AppleWebKit/537.36 (KHTML, like Gecko) Chrome/85.0.4183.102 Safari/537.36', 'detail', '/detail/1.html');
INSERT INTO `log` VALUES (233, '::1', '', '2020-09-11 15:53:46', 'Mozilla/5.0 (Macintosh; Intel Mac OS X 10_14_6) AppleWebKit/537.36 (KHTML, like Gecko) Chrome/85.0.4183.102 Safari/537.36', 'detail', '/detail/1.html');
INSERT INTO `log` VALUES (234, '::1', '', '2020-09-11 15:57:22', 'Mozilla/5.0 (Macintosh; Intel Mac OS X 10_14_6) AppleWebKit/537.36 (KHTML, like Gecko) Chrome/85.0.4183.102 Safari/537.36', 'detail', '/detail/1.html');
INSERT INTO `log` VALUES (235, '::1', '', '2020-09-11 15:57:56', 'Mozilla/5.0 (Macintosh; Intel Mac OS X 10_14_6) AppleWebKit/537.36 (KHTML, like Gecko) Chrome/85.0.4183.102 Safari/537.36', 'detail', '/detail/1.html');
INSERT INTO `log` VALUES (236, '::1', '', '2020-09-11 16:04:31', 'Mozilla/5.0 (Macintosh; Intel Mac OS X 10_14_6) AppleWebKit/537.36 (KHTML, like Gecko) Chrome/85.0.4183.102 Safari/537.36', 'detail', '/detail/1.html');
INSERT INTO `log` VALUES (237, '::1', '', '2020-09-11 16:05:08', 'Mozilla/5.0 (Macintosh; Intel Mac OS X 10_14_6) AppleWebKit/537.36 (KHTML, like Gecko) Chrome/85.0.4183.102 Safari/537.36', 'detail', '/detail/1.html');
INSERT INTO `log` VALUES (238, '::1', '', '2020-09-11 16:05:22', 'Mozilla/5.0 (Macintosh; Intel Mac OS X 10_14_6) AppleWebKit/537.36 (KHTML, like Gecko) Chrome/85.0.4183.102 Safari/537.36', 'detail', '/detail/1.html');
INSERT INTO `log` VALUES (239, '::1', '', '2020-09-11 16:11:00', 'Mozilla/5.0 (Macintosh; Intel Mac OS X 10_14_6) AppleWebKit/537.36 (KHTML, like Gecko) Chrome/85.0.4183.102 Safari/537.36', 'detail', '/detail/1.html');
INSERT INTO `log` VALUES (240, '::1', '', '2020-09-11 16:18:10', 'Mozilla/5.0 (Macintosh; Intel Mac OS X 10_14_6) AppleWebKit/537.36 (KHTML, like Gecko) Chrome/85.0.4183.102 Safari/537.36', 'detail', '/detail/1.html');
INSERT INTO `log` VALUES (241, '::1', '', '2020-09-11 16:23:12', 'Mozilla/5.0 (Macintosh; Intel Mac OS X 10_14_6) AppleWebKit/537.36 (KHTML, like Gecko) Chrome/85.0.4183.102 Safari/537.36', 'detail', '/detail/1.html');
INSERT INTO `log` VALUES (242, '::1', '', '2020-09-11 16:24:44', 'Mozilla/5.0 (Macintosh; Intel Mac OS X 10_14_6) AppleWebKit/537.36 (KHTML, like Gecko) Chrome/85.0.4183.102 Safari/537.36', 'detail', '/detail/1.html');
INSERT INTO `log` VALUES (243, '::1', '', '2020-09-11 16:25:38', 'Mozilla/5.0 (Macintosh; Intel Mac OS X 10_14_6) AppleWebKit/537.36 (KHTML, like Gecko) Chrome/85.0.4183.102 Safari/537.36', 'detail', '/detail/1.html');
INSERT INTO `log` VALUES (244, '::1', '', '2020-09-11 16:26:32', 'Mozilla/5.0 (Macintosh; Intel Mac OS X 10_14_6) AppleWebKit/537.36 (KHTML, like Gecko) Chrome/85.0.4183.102 Safari/537.36', 'detail', '/detail/1.html');
INSERT INTO `log` VALUES (245, '::1', '', '2020-09-11 16:26:33', 'Mozilla/5.0 (Macintosh; Intel Mac OS X 10_14_6) AppleWebKit/537.36 (KHTML, like Gecko) Chrome/85.0.4183.102 Safari/537.36', 'detail', '/detail/1.html');
INSERT INTO `log` VALUES (246, '::1', '', '2020-09-11 16:26:34', 'Mozilla/5.0 (Macintosh; Intel Mac OS X 10_14_6) AppleWebKit/537.36 (KHTML, like Gecko) Chrome/85.0.4183.102 Safari/537.36', 'detail', '/detail/1.html');
INSERT INTO `log` VALUES (247, '::1', '', '2020-09-11 16:26:34', 'Mozilla/5.0 (Macintosh; Intel Mac OS X 10_14_6) AppleWebKit/537.36 (KHTML, like Gecko) Chrome/85.0.4183.102 Safari/537.36', 'detail', '/detail/1.html');
INSERT INTO `log` VALUES (248, '::1', '', '2020-09-11 16:26:35', 'Mozilla/5.0 (Macintosh; Intel Mac OS X 10_14_6) AppleWebKit/537.36 (KHTML, like Gecko) Chrome/85.0.4183.102 Safari/537.36', 'detail', '/detail/1.html');
INSERT INTO `log` VALUES (249, '::1', '', '2020-09-11 16:26:35', 'Mozilla/5.0 (Macintosh; Intel Mac OS X 10_14_6) AppleWebKit/537.36 (KHTML, like Gecko) Chrome/85.0.4183.102 Safari/537.36', 'detail', '/detail/1.html');
INSERT INTO `log` VALUES (250, '::1', '', '2020-09-11 16:26:49', 'Mozilla/5.0 (Macintosh; Intel Mac OS X 10_14_6) AppleWebKit/537.36 (KHTML, like Gecko) Chrome/85.0.4183.102 Safari/537.36', 'detail', '/detail/1.html');
INSERT INTO `log` VALUES (251, '::1', '', '2020-09-11 16:26:50', 'Mozilla/5.0 (Macintosh; Intel Mac OS X 10_14_6) AppleWebKit/537.36 (KHTML, like Gecko) Chrome/85.0.4183.102 Safari/537.36', 'detail', '/detail/1.html');
INSERT INTO `log` VALUES (252, '::1', '', '2020-09-11 16:27:00', 'Mozilla/5.0 (Macintosh; Intel Mac OS X 10_14_6) AppleWebKit/537.36 (KHTML, like Gecko) Chrome/85.0.4183.102 Safari/537.36', 'detail', '/detail/1.html');
INSERT INTO `log` VALUES (253, '::1', '', '2020-09-11 16:28:03', 'Mozilla/5.0 (Macintosh; Intel Mac OS X 10_14_6) AppleWebKit/537.36 (KHTML, like Gecko) Chrome/85.0.4183.102 Safari/537.36', 'detail', '/detail/1.html');
INSERT INTO `log` VALUES (254, '::1', '', '2020-09-11 16:28:05', 'Mozilla/5.0 (Macintosh; Intel Mac OS X 10_14_6) AppleWebKit/537.36 (KHTML, like Gecko) Chrome/85.0.4183.102 Safari/537.36', 'detail', '/detail/1.html');
INSERT INTO `log` VALUES (255, '::1', '', '2020-09-11 16:31:38', 'Mozilla/5.0 (Macintosh; Intel Mac OS X 10_14_6) AppleWebKit/537.36 (KHTML, like Gecko) Chrome/85.0.4183.102 Safari/537.36', 'detail', '/detail/1.html');
INSERT INTO `log` VALUES (256, '::1', '', '2020-09-11 16:33:47', 'Mozilla/5.0 (Macintosh; Intel Mac OS X 10_14_6) AppleWebKit/537.36 (KHTML, like Gecko) Chrome/85.0.4183.102 Safari/537.36', 'detail', '/detail/1.html');
INSERT INTO `log` VALUES (257, '::1', '', '2020-09-11 16:33:48', 'Mozilla/5.0 (Macintosh; Intel Mac OS X 10_14_6) AppleWebKit/537.36 (KHTML, like Gecko) Chrome/85.0.4183.102 Safari/537.36', 'detail', '/detail/1.html');
INSERT INTO `log` VALUES (258, '::1', '', '2020-09-11 16:37:17', 'Mozilla/5.0 (Macintosh; Intel Mac OS X 10_14_6) AppleWebKit/537.36 (KHTML, like Gecko) Chrome/85.0.4183.102 Safari/537.36', 'detail', '/detail/1.html');
INSERT INTO `log` VALUES (259, '::1', '', '2020-09-11 16:43:57', 'Mozilla/5.0 (Macintosh; Intel Mac OS X 10_14_6) AppleWebKit/537.36 (KHTML, like Gecko) Chrome/85.0.4183.102 Safari/537.36', 'detail', '/detail/1.html');
INSERT INTO `log` VALUES (260, '::1', '', '2020-09-11 16:48:25', 'Mozilla/5.0 (Macintosh; Intel Mac OS X 10_14_6) AppleWebKit/537.36 (KHTML, like Gecko) Chrome/85.0.4183.102 Safari/537.36', 'article', '/');
INSERT INTO `log` VALUES (261, '::1', '', '2020-09-11 16:50:24', 'Mozilla/5.0 (Macintosh; Intel Mac OS X 10_14_6) AppleWebKit/537.36 (KHTML, like Gecko) Chrome/85.0.4183.102 Safari/537.36', 'article', '/list.html?cate=suibi');
INSERT INTO `log` VALUES (262, '::1', '', '2020-09-11 16:57:28', 'Mozilla/5.0 (Macintosh; Intel Mac OS X 10_14_6) AppleWebKit/537.36 (KHTML, like Gecko) Chrome/85.0.4183.102 Safari/537.36', 'article', '/');
INSERT INTO `log` VALUES (263, '::1', '', '2020-09-11 17:01:25', 'Mozilla/5.0 (Macintosh; Intel Mac OS X 10_14_6) AppleWebKit/537.36 (KHTML, like Gecko) Chrome/85.0.4183.102 Safari/537.36', 'article', '/');
INSERT INTO `log` VALUES (264, '::1', '', '2020-09-11 17:20:16', 'Mozilla/5.0 (Macintosh; Intel Mac OS X 10_14_6) AppleWebKit/537.36 (KHTML, like Gecko) Chrome/85.0.4183.102 Safari/537.36', 'article', '/');
INSERT INTO `log` VALUES (265, '::1', '', '2020-09-11 17:21:33', 'Mozilla/5.0 (Macintosh; Intel Mac OS X 10_14_6) AppleWebKit/537.36 (KHTML, like Gecko) Chrome/85.0.4183.102 Safari/537.36', 'article', '/');
INSERT INTO `log` VALUES (266, '::1', '', '2020-09-11 17:21:43', 'Mozilla/5.0 (Macintosh; Intel Mac OS X 10_14_6) AppleWebKit/537.36 (KHTML, like Gecko) Chrome/85.0.4183.102 Safari/537.36', 'article', '/list.html?page=2&c=0');
INSERT INTO `log` VALUES (267, '::1', '', '2020-09-11 17:21:55', 'Mozilla/5.0 (Macintosh; Intel Mac OS X 10_14_6) AppleWebKit/537.36 (KHTML, like Gecko) Chrome/85.0.4183.102 Safari/537.36', 'article', '/list.html?page=3&c=0');
INSERT INTO `log` VALUES (268, '::1', '', '2020-09-11 17:22:27', 'Mozilla/5.0 (Macintosh; Intel Mac OS X 10_14_6) AppleWebKit/537.36 (KHTML, like Gecko) Chrome/85.0.4183.102 Safari/537.36', 'article', '/list.html?page=2&c=0');
INSERT INTO `log` VALUES (269, '::1', '', '2020-09-11 17:22:33', 'Mozilla/5.0 (Macintosh; Intel Mac OS X 10_14_6) AppleWebKit/537.36 (KHTML, like Gecko) Chrome/85.0.4183.102 Safari/537.36', 'article', '/list.html?page=1&c=0');
INSERT INTO `log` VALUES (270, '::1', '', '2020-09-11 17:22:45', 'Mozilla/5.0 (Macintosh; Intel Mac OS X 10_14_6) AppleWebKit/537.36 (KHTML, like Gecko) Chrome/85.0.4183.102 Safari/537.36', 'article', '/list.html?page=2&c=0');
INSERT INTO `log` VALUES (271, '::1', '', '2020-09-11 17:22:50', 'Mozilla/5.0 (Macintosh; Intel Mac OS X 10_14_6) AppleWebKit/537.36 (KHTML, like Gecko) Chrome/85.0.4183.102 Safari/537.36', 'article', '/list.html?cate=test');
INSERT INTO `log` VALUES (272, '::1', '', '2020-09-11 17:23:13', 'Mozilla/5.0 (Macintosh; Intel Mac OS X 10_14_6) AppleWebKit/537.36 (KHTML, like Gecko) Chrome/85.0.4183.102 Safari/537.36', 'article', '/list.html?page=2&c=0');
INSERT INTO `log` VALUES (273, '::1', '', '2020-09-11 17:23:23', 'Mozilla/5.0 (Macintosh; Intel Mac OS X 10_14_6) AppleWebKit/537.36 (KHTML, like Gecko) Chrome/85.0.4183.102 Safari/537.36', 'article', '/list.html?page=1');
INSERT INTO `log` VALUES (274, '::1', '', '2020-09-11 17:23:32', 'Mozilla/5.0 (Macintosh; Intel Mac OS X 10_14_6) AppleWebKit/537.36 (KHTML, like Gecko) Chrome/85.0.4183.102 Safari/537.36', 'article', '/list.html?page=3');
INSERT INTO `log` VALUES (275, '::1', '', '2020-09-11 17:44:31', 'Mozilla/5.0 (Macintosh; Intel Mac OS X 10_14_6) AppleWebKit/537.36 (KHTML, like Gecko) Chrome/85.0.4183.102 Safari/537.36', 'article', '/list.html?page=3');
INSERT INTO `log` VALUES (276, '::1', '', '2020-09-11 17:44:40', 'Mozilla/5.0 (Macintosh; Intel Mac OS X 10_14_6) AppleWebKit/537.36 (KHTML, like Gecko) Chrome/85.0.4183.102 Safari/537.36', 'article', '/list.html?page=3');
INSERT INTO `log` VALUES (277, '::1', '', '2020-09-11 17:44:42', 'Mozilla/5.0 (Macintosh; Intel Mac OS X 10_14_6) AppleWebKit/537.36 (KHTML, like Gecko) Chrome/85.0.4183.102 Safari/537.36', 'article', '/list.html?page=2&c=0');
INSERT INTO `log` VALUES (278, '::1', '', '2020-09-11 17:44:46', 'Mozilla/5.0 (Macintosh; Intel Mac OS X 10_14_6) AppleWebKit/537.36 (KHTML, like Gecko) Chrome/85.0.4183.102 Safari/537.36', 'article', '/list.html?page=1&c=0');
INSERT INTO `log` VALUES (279, '::1', '', '2020-09-11 17:50:53', 'Mozilla/5.0 (Macintosh; Intel Mac OS X 10_14_6) AppleWebKit/537.36 (KHTML, like Gecko) Chrome/85.0.4183.102 Safari/537.36', 'article', '/list.html');
INSERT INTO `log` VALUES (280, '::1', '', '2020-09-11 17:51:10', 'Mozilla/5.0 (Macintosh; Intel Mac OS X 10_14_6) AppleWebKit/537.36 (KHTML, like Gecko) Chrome/85.0.4183.102 Safari/537.36', 'article', '/list.html');
INSERT INTO `log` VALUES (281, '::1', '', '2020-09-11 17:51:12', 'Mozilla/5.0 (Macintosh; Intel Mac OS X 10_14_6) AppleWebKit/537.36 (KHTML, like Gecko) Chrome/85.0.4183.102 Safari/537.36', 'article', '/list.html');
INSERT INTO `log` VALUES (282, '::1', '', '2020-09-11 17:52:34', 'Mozilla/5.0 (Macintosh; Intel Mac OS X 10_14_6) AppleWebKit/537.36 (KHTML, like Gecko) Chrome/85.0.4183.102 Safari/537.36', 'article', '/list.html');
INSERT INTO `log` VALUES (283, '::1', '', '2020-09-11 18:02:01', 'Mozilla/5.0 (Macintosh; Intel Mac OS X 10_14_6) AppleWebKit/537.36 (KHTML, like Gecko) Chrome/85.0.4183.102 Safari/537.36', 'article', '/list.html');
INSERT INTO `log` VALUES (284, '::1', '', '2020-09-11 18:02:21', 'Mozilla/5.0 (Macintosh; Intel Mac OS X 10_14_6) AppleWebKit/537.36 (KHTML, like Gecko) Chrome/85.0.4183.102 Safari/537.36', 'article', '/list.html');
INSERT INTO `log` VALUES (285, '::1', '', '2020-09-11 18:05:21', 'Mozilla/5.0 (Macintosh; Intel Mac OS X 10_14_6) AppleWebKit/537.36 (KHTML, like Gecko) Chrome/85.0.4183.102 Safari/537.36', 'article', '/list.html');
INSERT INTO `log` VALUES (286, '::1', '', '2020-09-11 18:09:51', 'Mozilla/5.0 (Macintosh; Intel Mac OS X 10_14_6) AppleWebKit/537.36 (KHTML, like Gecko) Chrome/85.0.4183.102 Safari/537.36', 'article', '/list.html');
INSERT INTO `log` VALUES (287, '::1', '', '2020-09-11 18:09:53', 'Mozilla/5.0 (Macintosh; Intel Mac OS X 10_14_6) AppleWebKit/537.36 (KHTML, like Gecko) Chrome/85.0.4183.102 Safari/537.36', 'article', '/list.html');
INSERT INTO `log` VALUES (288, '::1', '', '2020-09-11 18:09:53', 'Mozilla/5.0 (Macintosh; Intel Mac OS X 10_14_6) AppleWebKit/537.36 (KHTML, like Gecko) Chrome/85.0.4183.102 Safari/537.36', 'article', '/list.html');
INSERT INTO `log` VALUES (289, '::1', '', '2020-09-11 18:09:53', 'Mozilla/5.0 (Macintosh; Intel Mac OS X 10_14_6) AppleWebKit/537.36 (KHTML, like Gecko) Chrome/85.0.4183.102 Safari/537.36', 'article', '/list.html');
INSERT INTO `log` VALUES (290, '::1', '', '2020-09-11 18:09:54', 'Mozilla/5.0 (Macintosh; Intel Mac OS X 10_14_6) AppleWebKit/537.36 (KHTML, like Gecko) Chrome/85.0.4183.102 Safari/537.36', 'article', '/list.html');
INSERT INTO `log` VALUES (291, '::1', '', '2020-09-11 18:12:39', 'Mozilla/5.0 (Macintosh; Intel Mac OS X 10_14_6) AppleWebKit/537.36 (KHTML, like Gecko) Chrome/85.0.4183.102 Safari/537.36', 'article', '/list.html');
INSERT INTO `log` VALUES (292, '::1', '', '2020-09-11 18:12:40', 'Mozilla/5.0 (Macintosh; Intel Mac OS X 10_14_6) AppleWebKit/537.36 (KHTML, like Gecko) Chrome/85.0.4183.102 Safari/537.36', 'article', '/list.html');
INSERT INTO `log` VALUES (293, '::1', '', '2020-09-11 18:12:40', 'Mozilla/5.0 (Macintosh; Intel Mac OS X 10_14_6) AppleWebKit/537.36 (KHTML, like Gecko) Chrome/85.0.4183.102 Safari/537.36', 'article', '/list.html');
INSERT INTO `log` VALUES (294, '::1', '', '2020-09-11 19:11:56', 'Mozilla/5.0 (Macintosh; Intel Mac OS X 10_14_6) AppleWebKit/537.36 (KHTML, like Gecko) Chrome/85.0.4183.102 Safari/537.36', 'article', '/list.html');
INSERT INTO `log` VALUES (295, '::1', '', '2020-09-11 19:11:58', 'Mozilla/5.0 (Macintosh; Intel Mac OS X 10_14_6) AppleWebKit/537.36 (KHTML, like Gecko) Chrome/85.0.4183.102 Safari/537.36', 'article', '/list.html');
INSERT INTO `log` VALUES (296, '::1', '', '2020-09-11 19:19:10', 'Mozilla/5.0 (Macintosh; Intel Mac OS X 10_14_6) AppleWebKit/537.36 (KHTML, like Gecko) Chrome/85.0.4183.102 Safari/537.36', 'article', '/list.html');
INSERT INTO `log` VALUES (297, '::1', '', '2020-09-11 19:39:16', 'Mozilla/5.0 (Macintosh; Intel Mac OS X 10_14_6) AppleWebKit/537.36 (KHTML, like Gecko) Chrome/85.0.4183.102 Safari/537.36', 'article', '/list.html');
INSERT INTO `log` VALUES (298, '::1', '', '2020-09-11 20:23:56', 'Mozilla/5.0 (Macintosh; Intel Mac OS X 10_14_6) AppleWebKit/537.36 (KHTML, like Gecko) Chrome/85.0.4183.102 Safari/537.36', 'article', '/list.html');
INSERT INTO `log` VALUES (299, '::1', '', '2020-09-11 20:37:50', 'Mozilla/5.0 (Macintosh; Intel Mac OS X 10_14_6) AppleWebKit/537.36 (KHTML, like Gecko) Chrome/85.0.4183.102 Safari/537.36', 'article', '/list.html');
INSERT INTO `log` VALUES (300, '::1', '', '2020-09-11 20:37:51', 'Mozilla/5.0 (Macintosh; Intel Mac OS X 10_14_6) AppleWebKit/537.36 (KHTML, like Gecko) Chrome/85.0.4183.102 Safari/537.36', 'article', '/list.html');
INSERT INTO `log` VALUES (301, '::1', '', '2020-09-11 20:42:29', 'Mozilla/5.0 (Macintosh; Intel Mac OS X 10_14_6) AppleWebKit/537.36 (KHTML, like Gecko) Chrome/85.0.4183.102 Safari/537.36', 'article', '/list.html');
INSERT INTO `log` VALUES (302, '::1', '', '2020-09-11 20:42:30', 'Mozilla/5.0 (Macintosh; Intel Mac OS X 10_14_6) AppleWebKit/537.36 (KHTML, like Gecko) Chrome/85.0.4183.102 Safari/537.36', 'article', '/list.html');
INSERT INTO `log` VALUES (303, '::1', '', '2020-09-11 20:45:36', 'Mozilla/5.0 (Macintosh; Intel Mac OS X 10_14_6) AppleWebKit/537.36 (KHTML, like Gecko) Chrome/85.0.4183.102 Safari/537.36', 'article', '/list.html');
INSERT INTO `log` VALUES (304, '::1', '', '2020-09-11 20:46:29', 'Mozilla/5.0 (Macintosh; Intel Mac OS X 10_14_6) AppleWebKit/537.36 (KHTML, like Gecko) Chrome/85.0.4183.102 Safari/537.36', 'article', '/list.html');
INSERT INTO `log` VALUES (305, '::1', '', '2020-09-11 20:47:40', 'Mozilla/5.0 (Macintosh; Intel Mac OS X 10_14_6) AppleWebKit/537.36 (KHTML, like Gecko) Chrome/85.0.4183.102 Safari/537.36', 'article', '/list.html?page=2&c=0');
INSERT INTO `log` VALUES (306, '::1', '', '2020-09-11 20:52:59', 'Mozilla/5.0 (Macintosh; Intel Mac OS X 10_14_6) AppleWebKit/537.36 (KHTML, like Gecko) Chrome/85.0.4183.102 Safari/537.36', 'article', '/list.html?page=2&c=0');
INSERT INTO `log` VALUES (307, '::1', '', '2020-09-11 20:53:03', 'Mozilla/5.0 (Macintosh; Intel Mac OS X 10_14_6) AppleWebKit/537.36 (KHTML, like Gecko) Chrome/85.0.4183.102 Safari/537.36', 'article', '/list.html?page=1&c=0');
INSERT INTO `log` VALUES (308, '::1', '', '2020-09-11 20:53:07', 'Mozilla/5.0 (Macintosh; Intel Mac OS X 10_14_6) AppleWebKit/537.36 (KHTML, like Gecko) Chrome/85.0.4183.102 Safari/537.36', 'article', '/list.html');
INSERT INTO `log` VALUES (309, '::1', '', '2020-09-11 20:53:13', 'Mozilla/5.0 (Macintosh; Intel Mac OS X 10_14_6) AppleWebKit/537.36 (KHTML, like Gecko) Chrome/85.0.4183.102 Safari/537.36', 'article', '/list.html?page=2&c=0');
INSERT INTO `log` VALUES (310, '::1', '', '2020-09-11 20:53:19', 'Mozilla/5.0 (Macintosh; Intel Mac OS X 10_14_6) AppleWebKit/537.36 (KHTML, like Gecko) Chrome/85.0.4183.102 Safari/537.36', 'article', '/list.html?page=3&c=0');
INSERT INTO `log` VALUES (311, '::1', '', '2020-09-11 21:21:31', 'Mozilla/5.0 (Macintosh; Intel Mac OS X 10_14_6) AppleWebKit/537.36 (KHTML, like Gecko) Chrome/85.0.4183.102 Safari/537.36', 'article', '/list.html');
INSERT INTO `log` VALUES (312, '::1', '', '2020-09-11 21:22:48', 'Mozilla/5.0 (Macintosh; Intel Mac OS X 10_14_6) AppleWebKit/537.36 (KHTML, like Gecko) Chrome/85.0.4183.102 Safari/537.36', 'article', '/list.html');
INSERT INTO `log` VALUES (313, '::1', '', '2020-09-11 21:24:56', 'Mozilla/5.0 (Macintosh; Intel Mac OS X 10_14_6) AppleWebKit/537.36 (KHTML, like Gecko) Chrome/85.0.4183.102 Safari/537.36', 'article', '/list.html');
INSERT INTO `log` VALUES (314, '::1', '', '2020-09-11 21:25:54', 'Mozilla/5.0 (Macintosh; Intel Mac OS X 10_14_6) AppleWebKit/537.36 (KHTML, like Gecko) Chrome/85.0.4183.102 Safari/537.36', 'article', '/list.html');
INSERT INTO `log` VALUES (315, '::1', '', '2020-09-11 21:26:02', 'Mozilla/5.0 (Macintosh; Intel Mac OS X 10_14_6) AppleWebKit/537.36 (KHTML, like Gecko) Chrome/85.0.4183.102 Safari/537.36', 'article', '/list.html');
INSERT INTO `log` VALUES (316, '::1', '', '2020-09-11 22:18:43', 'Mozilla/5.0 (Macintosh; Intel Mac OS X 10_14_6) AppleWebKit/537.36 (KHTML, like Gecko) Chrome/85.0.4183.102 Safari/537.36', 'article', '/list.html');
INSERT INTO `log` VALUES (317, '::1', '', '2020-09-11 22:23:13', 'Mozilla/5.0 (Macintosh; Intel Mac OS X 10_14_6) AppleWebKit/537.36 (KHTML, like Gecko) Chrome/85.0.4183.102 Safari/537.36', 'article', '/list.html');
INSERT INTO `log` VALUES (318, '::1', '', '2020-09-11 22:23:15', 'Mozilla/5.0 (Macintosh; Intel Mac OS X 10_14_6) AppleWebKit/537.36 (KHTML, like Gecko) Chrome/85.0.4183.102 Safari/537.36', 'article', '/list.html');
INSERT INTO `log` VALUES (319, '::1', '', '2020-09-11 22:23:31', 'Mozilla/5.0 (Macintosh; Intel Mac OS X 10_14_6) AppleWebKit/537.36 (KHTML, like Gecko) Chrome/85.0.4183.102 Safari/537.36', 'article', '/list.html');
INSERT INTO `log` VALUES (320, '::1', '', '2020-09-11 22:23:33', 'Mozilla/5.0 (Macintosh; Intel Mac OS X 10_14_6) AppleWebKit/537.36 (KHTML, like Gecko) Chrome/85.0.4183.102 Safari/537.36', 'article', '/list.html');
INSERT INTO `log` VALUES (321, '::1', '', '2020-09-11 22:25:39', 'Mozilla/5.0 (Macintosh; Intel Mac OS X 10_14_6) AppleWebKit/537.36 (KHTML, like Gecko) Chrome/85.0.4183.102 Safari/537.36', 'article', '/list.html');
INSERT INTO `log` VALUES (322, '::1', '', '2020-09-11 22:49:58', 'Mozilla/5.0 (Macintosh; Intel Mac OS X 10_14_6) AppleWebKit/537.36 (KHTML, like Gecko) Chrome/85.0.4183.102 Safari/537.36', 'article', '/list.html');
INSERT INTO `log` VALUES (323, '::1', '', '2020-09-11 22:50:06', 'Mozilla/5.0 (Macintosh; Intel Mac OS X 10_14_6) AppleWebKit/537.36 (KHTML, like Gecko) Chrome/85.0.4183.102 Safari/537.36', 'article', '/list.html?page=9');
INSERT INTO `log` VALUES (324, '::1', '', '2020-09-11 22:50:14', 'Mozilla/5.0 (Macintosh; Intel Mac OS X 10_14_6) AppleWebKit/537.36 (KHTML, like Gecko) Chrome/85.0.4183.102 Safari/537.36', 'article', '/list.html?page=8');
INSERT INTO `log` VALUES (325, '::1', '', '2020-09-11 22:53:06', 'Mozilla/5.0 (Macintosh; Intel Mac OS X 10_14_6) AppleWebKit/537.36 (KHTML, like Gecko) Chrome/85.0.4183.102 Safari/537.36', 'article', '/list.html?page=8');
INSERT INTO `log` VALUES (326, '::1', '', '2020-09-11 22:53:16', 'Mozilla/5.0 (Macintosh; Intel Mac OS X 10_14_6) AppleWebKit/537.36 (KHTML, like Gecko) Chrome/85.0.4183.102 Safari/537.36', 'article', '/list.html');
INSERT INTO `log` VALUES (327, '::1', '', '2020-09-11 22:58:55', 'Mozilla/5.0 (Macintosh; Intel Mac OS X 10_14_6) AppleWebKit/537.36 (KHTML, like Gecko) Chrome/85.0.4183.102 Safari/537.36', 'article', '/list.html');
INSERT INTO `log` VALUES (328, '::1', '', '2020-09-11 23:11:20', 'Mozilla/5.0 (Macintosh; Intel Mac OS X 10_14_6) AppleWebKit/537.36 (KHTML, like Gecko) Chrome/85.0.4183.102 Safari/537.36', 'article', '/');
INSERT INTO `log` VALUES (329, '::1', '', '2020-09-11 23:13:39', 'Mozilla/5.0 (Macintosh; Intel Mac OS X 10_14_6) AppleWebKit/537.36 (KHTML, like Gecko) Chrome/85.0.4183.102 Safari/537.36', 'article', '/');
INSERT INTO `log` VALUES (330, '::1', '', '2020-09-11 23:15:12', 'Mozilla/5.0 (Macintosh; Intel Mac OS X 10_14_6) AppleWebKit/537.36 (KHTML, like Gecko) Chrome/85.0.4183.102 Safari/537.36', 'article', '/');
INSERT INTO `log` VALUES (331, '::1', '', '2020-09-11 23:15:13', 'Mozilla/5.0 (Macintosh; Intel Mac OS X 10_14_6) AppleWebKit/537.36 (KHTML, like Gecko) Chrome/85.0.4183.102 Safari/537.36', 'article', '/');
INSERT INTO `log` VALUES (332, '::1', '', '2020-09-11 23:15:31', 'Mozilla/5.0 (Macintosh; Intel Mac OS X 10_14_6) AppleWebKit/537.36 (KHTML, like Gecko) Chrome/85.0.4183.102 Safari/537.36', 'article', '/');
INSERT INTO `log` VALUES (333, '::1', '', '2020-09-11 23:16:15', 'Mozilla/5.0 (Macintosh; Intel Mac OS X 10_14_6) AppleWebKit/537.36 (KHTML, like Gecko) Chrome/85.0.4183.102 Safari/537.36', 'article', '/');
INSERT INTO `log` VALUES (334, '::1', '', '2020-09-11 23:16:16', 'Mozilla/5.0 (Macintosh; Intel Mac OS X 10_14_6) AppleWebKit/537.36 (KHTML, like Gecko) Chrome/85.0.4183.102 Safari/537.36', 'article', '/');
INSERT INTO `log` VALUES (335, '::1', '', '2020-09-11 23:16:33', 'Mozilla/5.0 (Macintosh; Intel Mac OS X 10_14_6) AppleWebKit/537.36 (KHTML, like Gecko) Chrome/85.0.4183.102 Safari/537.36', 'article', '/list.html?page=2&c=0');
INSERT INTO `log` VALUES (336, '::1', '', '2020-09-11 23:16:44', 'Mozilla/5.0 (Macintosh; Intel Mac OS X 10_14_6) AppleWebKit/537.36 (KHTML, like Gecko) Chrome/85.0.4183.102 Safari/537.36', 'article', '/list.html?page=3&c=0');
INSERT INTO `log` VALUES (337, '::1', '', '2020-09-11 23:16:53', 'Mozilla/5.0 (Macintosh; Intel Mac OS X 10_14_6) AppleWebKit/537.36 (KHTML, like Gecko) Chrome/85.0.4183.102 Safari/537.36', 'article', '/list.html?page=1');
INSERT INTO `log` VALUES (338, '::1', '', '2020-09-11 23:17:01', 'Mozilla/5.0 (Macintosh; Intel Mac OS X 10_14_6) AppleWebKit/537.36 (KHTML, like Gecko) Chrome/85.0.4183.102 Safari/537.36', 'article', '/list.html?page=2');
INSERT INTO `log` VALUES (339, '::1', '', '2020-09-11 23:17:10', 'Mozilla/5.0 (Macintosh; Intel Mac OS X 10_14_6) AppleWebKit/537.36 (KHTML, like Gecko) Chrome/85.0.4183.102 Safari/537.36', 'article', '/list.html?page=3');
INSERT INTO `log` VALUES (340, '::1', '', '2020-09-11 23:17:15', 'Mozilla/5.0 (Macintosh; Intel Mac OS X 10_14_6) AppleWebKit/537.36 (KHTML, like Gecko) Chrome/85.0.4183.102 Safari/537.36', 'article', '/list.html?page=2&c=0');
INSERT INTO `log` VALUES (341, '::1', '', '2020-09-11 23:19:35', 'Mozilla/5.0 (Macintosh; Intel Mac OS X 10_14_6) AppleWebKit/537.36 (KHTML, like Gecko) Chrome/85.0.4183.102 Safari/537.36', 'article', '/list.html?page=2&c=0');
INSERT INTO `log` VALUES (342, '::1', '', '2020-09-11 23:19:58', 'Mozilla/5.0 (Macintosh; Intel Mac OS X 10_14_6) AppleWebKit/537.36 (KHTML, like Gecko) Chrome/85.0.4183.102 Safari/537.36', 'article', '/list.html?page=3');
INSERT INTO `log` VALUES (343, '::1', '', '2020-09-11 23:20:03', 'Mozilla/5.0 (Macintosh; Intel Mac OS X 10_14_6) AppleWebKit/537.36 (KHTML, like Gecko) Chrome/85.0.4183.102 Safari/537.36', 'article', '/list.html?page=1');
INSERT INTO `log` VALUES (344, '::1', '', '2020-09-11 23:21:46', 'Mozilla/5.0 (Macintosh; Intel Mac OS X 10_14_6) AppleWebKit/537.36 (KHTML, like Gecko) Chrome/85.0.4183.102 Safari/537.36', 'article', '/list.html?page=2');
INSERT INTO `log` VALUES (345, '::1', '', '2020-09-11 23:23:02', 'Mozilla/5.0 (Macintosh; Intel Mac OS X 10_14_6) AppleWebKit/537.36 (KHTML, like Gecko) Chrome/85.0.4183.102 Safari/537.36', 'detail', '/detail/6.html');
INSERT INTO `log` VALUES (346, '::1', '', '2020-09-11 23:23:22', 'Mozilla/5.0 (Macintosh; Intel Mac OS X 10_14_6) AppleWebKit/537.36 (KHTML, like Gecko) Chrome/85.0.4183.102 Safari/537.36', 'article', '/');
INSERT INTO `log` VALUES (347, '::1', '', '2020-09-11 23:28:07', 'Mozilla/5.0 (Macintosh; Intel Mac OS X 10_14_6) AppleWebKit/537.36 (KHTML, like Gecko) Chrome/85.0.4183.102 Safari/537.36', 'article', '/list.html?page=2');
INSERT INTO `log` VALUES (348, '::1', '', '2020-09-11 23:28:13', 'Mozilla/5.0 (Macintosh; Intel Mac OS X 10_14_6) AppleWebKit/537.36 (KHTML, like Gecko) Chrome/85.0.4183.102 Safari/537.36', 'article', '/list.html?page=3');
INSERT INTO `log` VALUES (349, '::1', '', '2020-09-11 23:28:39', 'Mozilla/5.0 (Macintosh; Intel Mac OS X 10_14_6) AppleWebKit/537.36 (KHTML, like Gecko) Chrome/85.0.4183.102 Safari/537.36', 'article', '/list.html');
INSERT INTO `log` VALUES (350, '::1', '', '2020-09-11 23:29:09', 'Mozilla/5.0 (Macintosh; Intel Mac OS X 10_14_6) AppleWebKit/537.36 (KHTML, like Gecko) Chrome/85.0.4183.102 Safari/537.36', 'article', '/list.html?page=2');
INSERT INTO `log` VALUES (351, '::1', '', '2020-09-11 23:29:17', 'Mozilla/5.0 (Macintosh; Intel Mac OS X 10_14_6) AppleWebKit/537.36 (KHTML, like Gecko) Chrome/85.0.4183.102 Safari/537.36', 'article', '/list.html?page=3');
INSERT INTO `log` VALUES (352, '::1', '', '2020-09-11 23:29:22', 'Mozilla/5.0 (Macintosh; Intel Mac OS X 10_14_6) AppleWebKit/537.36 (KHTML, like Gecko) Chrome/85.0.4183.102 Safari/537.36', 'article', '/list.html?page=1');
INSERT INTO `log` VALUES (353, '::1', '', '2020-09-11 23:32:31', 'Mozilla/5.0 (Macintosh; Intel Mac OS X 10_14_6) AppleWebKit/537.36 (KHTML, like Gecko) Chrome/85.0.4183.102 Safari/537.36', 'article', '/list.html?page=2');
INSERT INTO `log` VALUES (354, '::1', '', '2020-09-11 23:32:35', 'Mozilla/5.0 (Macintosh; Intel Mac OS X 10_14_6) AppleWebKit/537.36 (KHTML, like Gecko) Chrome/85.0.4183.102 Safari/537.36', 'article', '/list.html?page=3');
INSERT INTO `log` VALUES (355, '::1', '', '2020-09-12 00:16:31', 'Mozilla/5.0 (Macintosh; Intel Mac OS X 10_14_6) AppleWebKit/537.36 (KHTML, like Gecko) Chrome/85.0.4183.102 Safari/537.36', 'article', '/');
INSERT INTO `log` VALUES (356, '::1', '', '2020-09-12 00:16:38', 'Mozilla/5.0 (Macintosh; Intel Mac OS X 10_14_6) AppleWebKit/537.36 (KHTML, like Gecko) Chrome/85.0.4183.102 Safari/537.36', 'detail', '/detail/8.html');
INSERT INTO `log` VALUES (357, '::1', '', '2020-09-12 00:16:43', 'Mozilla/5.0 (Macintosh; Intel Mac OS X 10_14_6) AppleWebKit/537.36 (KHTML, like Gecko) Chrome/85.0.4183.102 Safari/537.36', 'detail', '/detail/8.html');
INSERT INTO `log` VALUES (358, '::1', '', '2020-09-12 00:16:59', 'Mozilla/5.0 (Macintosh; Intel Mac OS X 10_14_6) AppleWebKit/537.36 (KHTML, like Gecko) Chrome/85.0.4183.102 Safari/537.36', 'detail', '/detail/8.html');
INSERT INTO `log` VALUES (359, '::1', '', '2020-09-12 00:21:57', 'Mozilla/5.0 (Macintosh; Intel Mac OS X 10_14_6) AppleWebKit/537.36 (KHTML, like Gecko) Chrome/85.0.4183.102 Safari/537.36', 'detail', '/detail/8.html');
INSERT INTO `log` VALUES (360, '::1', '', '2020-09-12 00:24:07', 'Mozilla/5.0 (Macintosh; Intel Mac OS X 10_14_6) AppleWebKit/537.36 (KHTML, like Gecko) Chrome/85.0.4183.102 Safari/537.36', 'detail', '/detail/8.html');
INSERT INTO `log` VALUES (361, '::1', '', '2020-09-12 00:25:46', 'Mozilla/5.0 (Macintosh; Intel Mac OS X 10_14_6) AppleWebKit/537.36 (KHTML, like Gecko) Chrome/85.0.4183.102 Safari/537.36', 'detail', '/detail/8.html');
INSERT INTO `log` VALUES (362, '::1', '', '2020-09-12 00:30:57', 'Mozilla/5.0 (Macintosh; Intel Mac OS X 10_14_6) AppleWebKit/537.36 (KHTML, like Gecko) Chrome/85.0.4183.102 Safari/537.36', 'detail', '/detail/8.html');
INSERT INTO `log` VALUES (363, '::1', '', '2020-09-12 00:32:00', 'Mozilla/5.0 (Macintosh; Intel Mac OS X 10_14_6) AppleWebKit/537.36 (KHTML, like Gecko) Chrome/85.0.4183.102 Safari/537.36', 'detail', '/detail/8.html');
INSERT INTO `log` VALUES (364, '::1', '', '2020-09-12 00:34:31', 'Mozilla/5.0 (Macintosh; Intel Mac OS X 10_14_6) AppleWebKit/537.36 (KHTML, like Gecko) Chrome/85.0.4183.102 Safari/537.36', 'detail', '/detail/8.html');
INSERT INTO `log` VALUES (365, '::1', '', '2020-09-12 00:35:19', 'Mozilla/5.0 (Macintosh; Intel Mac OS X 10_14_6) AppleWebKit/537.36 (KHTML, like Gecko) Chrome/85.0.4183.102 Safari/537.36', 'detail', '/detail/8.html');
INSERT INTO `log` VALUES (366, '::1', '', '2020-09-12 00:39:43', 'Mozilla/5.0 (Macintosh; Intel Mac OS X 10_14_6) AppleWebKit/537.36 (KHTML, like Gecko) Chrome/85.0.4183.102 Safari/537.36', 'detail', '/detail/8.html');
INSERT INTO `log` VALUES (367, '::1', '', '2020-09-12 00:40:36', 'Mozilla/5.0 (Macintosh; Intel Mac OS X 10_14_6) AppleWebKit/537.36 (KHTML, like Gecko) Chrome/85.0.4183.102 Safari/537.36', 'detail', '/detail/8.html');
INSERT INTO `log` VALUES (368, '::1', '', '2020-09-12 00:49:27', 'Mozilla/5.0 (Macintosh; Intel Mac OS X 10_14_6) AppleWebKit/537.36 (KHTML, like Gecko) Chrome/85.0.4183.102 Safari/537.36', 'detail', '/detail/8.html');
INSERT INTO `log` VALUES (369, '::1', '', '2020-09-12 00:49:37', 'Mozilla/5.0 (Macintosh; Intel Mac OS X 10_14_6) AppleWebKit/537.36 (KHTML, like Gecko) Chrome/85.0.4183.102 Safari/537.36', 'detail', '/detail/8.html');
INSERT INTO `log` VALUES (370, '::1', '', '2020-09-12 00:52:09', 'Mozilla/5.0 (Macintosh; Intel Mac OS X 10_14_6) AppleWebKit/537.36 (KHTML, like Gecko) Chrome/85.0.4183.102 Safari/537.36', 'detail', '/detail/8.html');
INSERT INTO `log` VALUES (371, '::1', '', '2020-09-12 00:53:17', 'Mozilla/5.0 (Macintosh; Intel Mac OS X 10_14_6) AppleWebKit/537.36 (KHTML, like Gecko) Chrome/85.0.4183.102 Safari/537.36', 'detail', '/detail/8.html');
INSERT INTO `log` VALUES (372, '::1', '', '2020-09-12 00:54:03', 'Mozilla/5.0 (Macintosh; Intel Mac OS X 10_14_6) AppleWebKit/537.36 (KHTML, like Gecko) Chrome/85.0.4183.102 Safari/537.36', 'detail', '/detail/8.html');
INSERT INTO `log` VALUES (373, '::1', '', '2020-09-12 00:58:14', 'Mozilla/5.0 (Macintosh; Intel Mac OS X 10_14_6) AppleWebKit/537.36 (KHTML, like Gecko) Chrome/85.0.4183.102 Safari/537.36', 'article', '/');
INSERT INTO `log` VALUES (374, '::1', '', '2020-09-12 00:58:20', 'Mozilla/5.0 (Macintosh; Intel Mac OS X 10_14_6) AppleWebKit/537.36 (KHTML, like Gecko) Chrome/85.0.4183.102 Safari/537.36', 'detail', '/detail/1.html');
INSERT INTO `log` VALUES (375, '::1', '', '2020-09-12 00:58:23', 'Mozilla/5.0 (Macintosh; Intel Mac OS X 10_14_6) AppleWebKit/537.36 (KHTML, like Gecko) Chrome/85.0.4183.102 Safari/537.36', 'like1', '/article/like');
INSERT INTO `log` VALUES (376, '::1', '', '2020-09-12 01:03:19', 'Mozilla/5.0 (Macintosh; Intel Mac OS X 10_14_6) AppleWebKit/537.36 (KHTML, like Gecko) Chrome/85.0.4183.102 Safari/537.36', 'detail', '/detail/1.html');
INSERT INTO `log` VALUES (377, '::1', '', '2020-09-12 01:03:26', 'Mozilla/5.0 (Macintosh; Intel Mac OS X 10_14_6) AppleWebKit/537.36 (KHTML, like Gecko) Chrome/85.0.4183.102 Safari/537.36', 'detail', '/detail/1.html');
INSERT INTO `log` VALUES (378, '::1', '', '2020-09-12 01:03:28', 'Mozilla/5.0 (Macintosh; Intel Mac OS X 10_14_6) AppleWebKit/537.36 (KHTML, like Gecko) Chrome/85.0.4183.102 Safari/537.36', 'detail', '/detail/1.html');
INSERT INTO `log` VALUES (379, '::1', '', '2020-09-12 01:03:32', 'Mozilla/5.0 (Macintosh; Intel Mac OS X 10_14_6) AppleWebKit/537.36 (KHTML, like Gecko) Chrome/85.0.4183.102 Safari/537.36', 'detail', '/detail/1.html');
INSERT INTO `log` VALUES (380, '::1', '', '2020-09-12 01:04:23', 'Mozilla/5.0 (Macintosh; Intel Mac OS X 10_14_6) AppleWebKit/537.36 (KHTML, like Gecko) Chrome/85.0.4183.102 Safari/537.36', 'detail', '/detail/1.html');
INSERT INTO `log` VALUES (381, '::1', '', '2020-09-12 01:04:25', 'Mozilla/5.0 (Macintosh; Intel Mac OS X 10_14_6) AppleWebKit/537.36 (KHTML, like Gecko) Chrome/85.0.4183.102 Safari/537.36', 'detail', '/detail/1.html');
INSERT INTO `log` VALUES (382, '::1', '', '2020-09-12 01:04:25', 'Mozilla/5.0 (Macintosh; Intel Mac OS X 10_14_6) AppleWebKit/537.36 (KHTML, like Gecko) Chrome/85.0.4183.102 Safari/537.36', 'detail', '/detail/1.html');
INSERT INTO `log` VALUES (383, '::1', '', '2020-09-12 01:05:08', 'Mozilla/5.0 (Macintosh; Intel Mac OS X 10_14_6) AppleWebKit/537.36 (KHTML, like Gecko) Chrome/85.0.4183.102 Safari/537.36', 'detail', '/detail/1.html');
INSERT INTO `log` VALUES (384, '::1', '', '2020-09-12 01:05:14', 'Mozilla/5.0 (Macintosh; Intel Mac OS X 10_14_6) AppleWebKit/537.36 (KHTML, like Gecko) Chrome/85.0.4183.102 Safari/537.36', 'detail', '/detail/1.html');
INSERT INTO `log` VALUES (385, '::1', '', '2020-09-12 01:05:19', 'Mozilla/5.0 (Macintosh; Intel Mac OS X 10_14_6) AppleWebKit/537.36 (KHTML, like Gecko) Chrome/85.0.4183.102 Safari/537.36', 'detail', '/detail/1.html');
INSERT INTO `log` VALUES (386, '::1', '', '2020-09-12 01:05:19', 'Mozilla/5.0 (Macintosh; Intel Mac OS X 10_14_6) AppleWebKit/537.36 (KHTML, like Gecko) Chrome/85.0.4183.102 Safari/537.36', 'detail', '/detail/1.html');
INSERT INTO `log` VALUES (387, '::1', '', '2020-09-12 01:05:20', 'Mozilla/5.0 (Macintosh; Intel Mac OS X 10_14_6) AppleWebKit/537.36 (KHTML, like Gecko) Chrome/85.0.4183.102 Safari/537.36', 'detail', '/detail/1.html');
INSERT INTO `log` VALUES (388, '::1', '', '2020-09-12 01:05:20', 'Mozilla/5.0 (Macintosh; Intel Mac OS X 10_14_6) AppleWebKit/537.36 (KHTML, like Gecko) Chrome/85.0.4183.102 Safari/537.36', 'detail', '/detail/1.html');
INSERT INTO `log` VALUES (389, '::1', '', '2020-09-12 01:05:20', 'Mozilla/5.0 (Macintosh; Intel Mac OS X 10_14_6) AppleWebKit/537.36 (KHTML, like Gecko) Chrome/85.0.4183.102 Safari/537.36', 'detail', '/detail/1.html');
INSERT INTO `log` VALUES (390, '::1', '', '2020-09-12 01:06:13', 'Mozilla/5.0 (Macintosh; Intel Mac OS X 10_14_6) AppleWebKit/537.36 (KHTML, like Gecko) Chrome/85.0.4183.102 Safari/537.36', 'detail', '/detail/8.html');
INSERT INTO `log` VALUES (391, '::1', '', '2020-09-12 01:06:17', 'Mozilla/5.0 (Macintosh; Intel Mac OS X 10_14_6) AppleWebKit/537.36 (KHTML, like Gecko) Chrome/85.0.4183.102 Safari/537.36', 'detail', '/detail/8.html');
INSERT INTO `log` VALUES (392, '::1', '', '2020-09-12 01:06:31', 'Mozilla/5.0 (Macintosh; Intel Mac OS X 10_14_6) AppleWebKit/537.36 (KHTML, like Gecko) Chrome/85.0.4183.102 Safari/537.36', 'detail', '/detail/8.html');
INSERT INTO `log` VALUES (393, '::1', '', '2020-09-12 01:06:33', 'Mozilla/5.0 (Macintosh; Intel Mac OS X 10_14_6) AppleWebKit/537.36 (KHTML, like Gecko) Chrome/85.0.4183.102 Safari/537.36', 'like8', '/article/like');
INSERT INTO `log` VALUES (394, '::1', '', '2020-09-12 01:06:36', 'Mozilla/5.0 (Macintosh; Intel Mac OS X 10_14_6) AppleWebKit/537.36 (KHTML, like Gecko) Chrome/85.0.4183.102 Safari/537.36', 'detail', '/detail/8.html');
INSERT INTO `log` VALUES (395, '::1', '', '2020-09-12 01:09:15', 'Mozilla/5.0 (Macintosh; Intel Mac OS X 10_14_6) AppleWebKit/537.36 (KHTML, like Gecko) Chrome/85.0.4183.102 Safari/537.36', 'detail', '/detail/8.html');
INSERT INTO `log` VALUES (396, '::1', '', '2020-09-12 01:09:16', 'Mozilla/5.0 (Macintosh; Intel Mac OS X 10_14_6) AppleWebKit/537.36 (KHTML, like Gecko) Chrome/85.0.4183.102 Safari/537.36', 'detail', '/detail/8.html');
INSERT INTO `log` VALUES (397, '::1', '', '2020-09-12 01:09:17', 'Mozilla/5.0 (Macintosh; Intel Mac OS X 10_14_6) AppleWebKit/537.36 (KHTML, like Gecko) Chrome/85.0.4183.102 Safari/537.36', 'detail', '/detail/8.html');
INSERT INTO `log` VALUES (398, '::1', '', '2020-09-12 01:09:22', 'Mozilla/5.0 (Macintosh; Intel Mac OS X 10_14_6) AppleWebKit/537.36 (KHTML, like Gecko) Chrome/85.0.4183.102 Safari/537.36', 'detail', '/detail/8.html');
INSERT INTO `log` VALUES (399, '::1', '', '2020-09-12 01:09:26', 'Mozilla/5.0 (Macintosh; Intel Mac OS X 10_14_6) AppleWebKit/537.36 (KHTML, like Gecko) Chrome/85.0.4183.102 Safari/537.36', 'article', '/');
INSERT INTO `log` VALUES (400, '::1', '', '2020-09-12 01:09:39', 'Mozilla/5.0 (Macintosh; Intel Mac OS X 10_14_6) AppleWebKit/537.36 (KHTML, like Gecko) Chrome/85.0.4183.102 Safari/537.36', 'detail', '/detail/7.html');
INSERT INTO `log` VALUES (401, '::1', '', '2020-09-12 01:09:53', 'Mozilla/5.0 (Macintosh; Intel Mac OS X 10_14_6) AppleWebKit/537.36 (KHTML, like Gecko) Chrome/85.0.4183.102 Safari/537.36', 'like7', '/article/like');
INSERT INTO `log` VALUES (402, '::1', '', '2020-09-12 01:09:55', 'Mozilla/5.0 (Macintosh; Intel Mac OS X 10_14_6) AppleWebKit/537.36 (KHTML, like Gecko) Chrome/85.0.4183.102 Safari/537.36', 'detail', '/detail/7.html');
INSERT INTO `log` VALUES (403, '::1', '', '2020-09-12 01:09:56', 'Mozilla/5.0 (Macintosh; Intel Mac OS X 10_14_6) AppleWebKit/537.36 (KHTML, like Gecko) Chrome/85.0.4183.102 Safari/537.36', 'detail', '/detail/7.html');
INSERT INTO `log` VALUES (404, '::1', '', '2020-09-12 01:11:08', 'Mozilla/5.0 (Macintosh; Intel Mac OS X 10_14_6) AppleWebKit/537.36 (KHTML, like Gecko) Chrome/85.0.4183.102 Safari/537.36', 'article', '/');
INSERT INTO `log` VALUES (405, '::1', '', '2020-09-12 01:11:15', 'Mozilla/5.0 (Macintosh; Intel Mac OS X 10_14_6) AppleWebKit/537.36 (KHTML, like Gecko) Chrome/85.0.4183.102 Safari/537.36', 'detail', '/detail/1.html');
INSERT INTO `log` VALUES (406, '::1', '', '2020-09-12 01:11:51', 'Mozilla/5.0 (Macintosh; Intel Mac OS X 10_14_6) AppleWebKit/537.36 (KHTML, like Gecko) Chrome/85.0.4183.102 Safari/537.36', 'article', '/');
INSERT INTO `log` VALUES (407, '::1', '', '2020-09-12 01:25:16', 'Mozilla/5.0 (Macintosh; Intel Mac OS X 10_14_6) AppleWebKit/537.36 (KHTML, like Gecko) Chrome/85.0.4183.102 Safari/537.36', 'article', '/list.html?page=2');
INSERT INTO `log` VALUES (408, '::1', '', '2020-09-12 01:33:29', 'Mozilla/5.0 (Macintosh; Intel Mac OS X 10_14_6) AppleWebKit/537.36 (KHTML, like Gecko) Chrome/85.0.4183.102 Safari/537.36', 'article', '/list.html?page=3');
INSERT INTO `log` VALUES (409, '::1', '', '2020-09-12 01:34:42', 'Mozilla/5.0 (Macintosh; Intel Mac OS X 10_14_6) AppleWebKit/537.36 (KHTML, like Gecko) Chrome/85.0.4183.102 Safari/537.36', 'article', '/list.html?page=3');
INSERT INTO `log` VALUES (410, '::1', '', '2020-09-12 01:45:55', 'Mozilla/5.0 (Macintosh; Intel Mac OS X 10_14_6) AppleWebKit/537.36 (KHTML, like Gecko) Chrome/85.0.4183.102 Safari/537.36', 'detail', '/detail/1.html');
INSERT INTO `log` VALUES (411, '::1', '', '2020-09-12 01:46:04', 'Mozilla/5.0 (Macintosh; Intel Mac OS X 10_14_6) AppleWebKit/537.36 (KHTML, like Gecko) Chrome/85.0.4183.102 Safari/537.36', 'detail', '/detail/1.html');
INSERT INTO `log` VALUES (412, '::1', '', '2020-09-12 01:48:58', 'Mozilla/5.0 (Macintosh; Intel Mac OS X 10_14_6) AppleWebKit/537.36 (KHTML, like Gecko) Chrome/85.0.4183.102 Safari/537.36', 'detail', '/detail/1.html');
INSERT INTO `log` VALUES (413, '::1', '', '2020-09-12 01:57:21', 'Mozilla/5.0 (Macintosh; Intel Mac OS X 10_14_6) AppleWebKit/537.36 (KHTML, like Gecko) Chrome/85.0.4183.102 Safari/537.36', 'detail', '/detail/2.html');
INSERT INTO `log` VALUES (414, '::1', '', '2020-09-12 03:06:34', 'Mozilla/5.0 (Macintosh; Intel Mac OS X 10_14_6) AppleWebKit/537.36 (KHTML, like Gecko) Chrome/85.0.4183.102 Safari/537.36', 'article', '/');
INSERT INTO `log` VALUES (415, '::1', '', '2020-09-12 03:06:41', 'Mozilla/5.0 (Macintosh; Intel Mac OS X 10_14_6) AppleWebKit/537.36 (KHTML, like Gecko) Chrome/85.0.4183.102 Safari/537.36', 'article', '/list.html?page=2');
INSERT INTO `log` VALUES (416, '::1', '', '2020-09-12 03:06:46', 'Mozilla/5.0 (Macintosh; Intel Mac OS X 10_14_6) AppleWebKit/537.36 (KHTML, like Gecko) Chrome/85.0.4183.102 Safari/537.36', 'article', '/list.html?page=3');
INSERT INTO `log` VALUES (417, '::1', '', '2020-09-12 03:06:49', 'Mozilla/5.0 (Macintosh; Intel Mac OS X 10_14_6) AppleWebKit/537.36 (KHTML, like Gecko) Chrome/85.0.4183.102 Safari/537.36', 'detail', '/detail/2.html');
INSERT INTO `log` VALUES (418, '::1', '', '2020-09-12 04:05:21', 'Mozilla/5.0 (Macintosh; Intel Mac OS X 10_14_6) AppleWebKit/537.36 (KHTML, like Gecko) Chrome/85.0.4183.102 Safari/537.36', 'detail', '/detail/2.html');
INSERT INTO `log` VALUES (419, '::1', '', '2020-09-12 04:08:10', 'Mozilla/5.0 (Macintosh; Intel Mac OS X 10_14_6) AppleWebKit/537.36 (KHTML, like Gecko) Chrome/85.0.4183.102 Safari/537.36', 'detail', '/detail/2.html');
INSERT INTO `log` VALUES (420, '::1', '', '2020-09-12 04:11:55', 'Mozilla/5.0 (Macintosh; Intel Mac OS X 10_14_6) AppleWebKit/537.36 (KHTML, like Gecko) Chrome/85.0.4183.102 Safari/537.36', 'article', '/');
INSERT INTO `log` VALUES (421, '::1', '', '2020-09-12 04:12:03', 'Mozilla/5.0 (Macintosh; Intel Mac OS X 10_14_6) AppleWebKit/537.36 (KHTML, like Gecko) Chrome/85.0.4183.102 Safari/537.36', 'article', '/list.html?page=3');
INSERT INTO `log` VALUES (422, '::1', '', '2020-09-12 04:12:09', 'Mozilla/5.0 (Macintosh; Intel Mac OS X 10_14_6) AppleWebKit/537.36 (KHTML, like Gecko) Chrome/85.0.4183.102 Safari/537.36', 'detail', '/detail/2.html');
INSERT INTO `log` VALUES (423, '::1', '', '2020-09-12 04:12:36', 'Mozilla/5.0 (Macintosh; Intel Mac OS X 10_14_6) AppleWebKit/537.36 (KHTML, like Gecko) Chrome/85.0.4183.102 Safari/537.36', 'detail', '/detail/2.html?name=inspector&mail=fsa%4012.com&message=sddas');
INSERT INTO `log` VALUES (424, '::1', '', '2020-09-12 04:12:42', 'Mozilla/5.0 (Macintosh; Intel Mac OS X 10_14_6) AppleWebKit/537.36 (KHTML, like Gecko) Chrome/85.0.4183.102 Safari/537.36', 'detail', '/detail/2.html?name=inspector&mail=fsa%4012.com&message=sddas');
INSERT INTO `log` VALUES (425, '::1', '', '2020-09-12 04:15:37', 'Mozilla/5.0 (Macintosh; Intel Mac OS X 10_14_6) AppleWebKit/537.36 (KHTML, like Gecko) Chrome/85.0.4183.102 Safari/537.36', 'detail', '/detail/2.html?name=inspector&mail=fsa%4012.com&message=sddas');
INSERT INTO `log` VALUES (426, '::1', '', '2020-09-12 04:15:38', 'Mozilla/5.0 (Macintosh; Intel Mac OS X 10_14_6) AppleWebKit/537.36 (KHTML, like Gecko) Chrome/85.0.4183.102 Safari/537.36', 'detail', '/detail/2.html?name=inspector&mail=fsa%4012.com&message=sddas');
INSERT INTO `log` VALUES (427, '::1', '', '2020-09-12 04:15:38', 'Mozilla/5.0 (Macintosh; Intel Mac OS X 10_14_6) AppleWebKit/537.36 (KHTML, like Gecko) Chrome/85.0.4183.102 Safari/537.36', 'detail', '/detail/2.html?name=inspector&mail=fsa%4012.com&message=sddas');
INSERT INTO `log` VALUES (428, '::1', '', '2020-09-12 04:15:55', 'Mozilla/5.0 (Macintosh; Intel Mac OS X 10_14_6) AppleWebKit/537.36 (KHTML, like Gecko) Chrome/85.0.4183.102 Safari/537.36', 'detail', '/detail/2.html?name=fasd&mail=asfd%40q1.com&message=fasdfds');
INSERT INTO `log` VALUES (429, '::1', '', '2020-09-12 04:23:13', 'Mozilla/5.0 (Macintosh; Intel Mac OS X 10_14_6) AppleWebKit/537.36 (KHTML, like Gecko) Chrome/85.0.4183.102 Safari/537.36', 'detail', '/detail/2.html?name=fasd&mail=asfd%40q1.com&message=fasdfds');
INSERT INTO `log` VALUES (430, '::1', '', '2020-09-12 04:25:16', 'Mozilla/5.0 (Macintosh; Intel Mac OS X 10_14_6) AppleWebKit/537.36 (KHTML, like Gecko) Chrome/85.0.4183.102 Safari/537.36', 'detail', '/detail/2.html?name=fasd&mail=asfd%40q1.com&message=fasdfds');
INSERT INTO `log` VALUES (431, '::1', '', '2020-09-12 04:28:28', 'Mozilla/5.0 (Macintosh; Intel Mac OS X 10_14_6) AppleWebKit/537.36 (KHTML, like Gecko) Chrome/85.0.4183.102 Safari/537.36', 'detail', '/detail/2.html');
INSERT INTO `log` VALUES (432, '::1', '', '2020-09-12 04:30:03', 'Mozilla/5.0 (Macintosh; Intel Mac OS X 10_14_6) AppleWebKit/537.36 (KHTML, like Gecko) Chrome/85.0.4183.102 Safari/537.36', 'detail', '/detail/2.html');
INSERT INTO `log` VALUES (433, '::1', '', '2020-09-12 04:31:46', 'Mozilla/5.0 (Macintosh; Intel Mac OS X 10_14_6) AppleWebKit/537.36 (KHTML, like Gecko) Chrome/85.0.4183.102 Safari/537.36', 'detail', '/detail/2.html');
INSERT INTO `log` VALUES (434, '::1', '', '2020-09-12 04:33:55', 'Mozilla/5.0 (Macintosh; Intel Mac OS X 10_14_6) AppleWebKit/537.36 (KHTML, like Gecko) Chrome/85.0.4183.102 Safari/537.36', 'detail', '/detail/2.html');
INSERT INTO `log` VALUES (435, '::1', '', '2020-09-12 04:45:11', 'Mozilla/5.0 (Macintosh; Intel Mac OS X 10_14_6) AppleWebKit/537.36 (KHTML, like Gecko) Chrome/85.0.4183.102 Safari/537.36', 'article', '/');
INSERT INTO `log` VALUES (436, '::1', '', '2020-09-12 04:45:19', 'Mozilla/5.0 (Macintosh; Intel Mac OS X 10_14_6) AppleWebKit/537.36 (KHTML, like Gecko) Chrome/85.0.4183.102 Safari/537.36', 'detail', '/detail/1.html');
INSERT INTO `log` VALUES (437, '::1', '', '2020-09-12 04:46:29', 'Mozilla/5.0 (Macintosh; Intel Mac OS X 10_14_6) AppleWebKit/537.36 (KHTML, like Gecko) Chrome/85.0.4183.102 Safari/537.36', 'detail', '/detail/1.html?name=ttt&mail=1%401.com&message=qewqeq');
INSERT INTO `log` VALUES (438, '::1', '', '2020-09-12 04:48:50', 'Mozilla/5.0 (Macintosh; Intel Mac OS X 10_14_6) AppleWebKit/537.36 (KHTML, like Gecko) Chrome/85.0.4183.102 Safari/537.36', 'detail', '/detail/1.html?name=ttt&mail=1%401.com&message=qewqeq');
INSERT INTO `log` VALUES (439, '::1', '', '2020-09-12 04:48:58', 'Mozilla/5.0 (Macintosh; Intel Mac OS X 10_14_6) AppleWebKit/537.36 (KHTML, like Gecko) Chrome/85.0.4183.102 Safari/537.36', 'detail', '/detail/1.html');
INSERT INTO `log` VALUES (440, '::1', '', '2020-09-12 04:52:40', 'Mozilla/5.0 (Macintosh; Intel Mac OS X 10_14_6) AppleWebKit/537.36 (KHTML, like Gecko) Chrome/85.0.4183.102 Safari/537.36', 'detail', '/detail/1.html');
INSERT INTO `log` VALUES (441, '::1', '', '2020-09-12 04:52:41', 'Mozilla/5.0 (Macintosh; Intel Mac OS X 10_14_6) AppleWebKit/537.36 (KHTML, like Gecko) Chrome/85.0.4183.102 Safari/537.36', 'detail', '/detail/1.html');
INSERT INTO `log` VALUES (442, '::1', '', '2020-09-12 05:07:23', 'Mozilla/5.0 (Macintosh; Intel Mac OS X 10_14_6) AppleWebKit/537.36 (KHTML, like Gecko) Chrome/85.0.4183.102 Safari/537.36', 'article', '/');
INSERT INTO `log` VALUES (443, '::1', '', '2020-09-12 05:07:28', 'Mozilla/5.0 (Macintosh; Intel Mac OS X 10_14_6) AppleWebKit/537.36 (KHTML, like Gecko) Chrome/85.0.4183.102 Safari/537.36', 'detail', '/detail/1.html');
INSERT INTO `log` VALUES (444, '::1', '', '2020-09-12 05:12:21', 'Mozilla/5.0 (Macintosh; Intel Mac OS X 10_14_6) AppleWebKit/537.36 (KHTML, like Gecko) Chrome/85.0.4183.102 Safari/537.36', 'article', '/');
INSERT INTO `log` VALUES (445, '::1', '', '2020-09-12 05:12:26', 'Mozilla/5.0 (Macintosh; Intel Mac OS X 10_14_6) AppleWebKit/537.36 (KHTML, like Gecko) Chrome/85.0.4183.102 Safari/537.36', 'detail', '/detail/1.html');
INSERT INTO `log` VALUES (446, '::1', '', '2020-09-12 05:14:14', 'Mozilla/5.0 (Macintosh; Intel Mac OS X 10_14_6) AppleWebKit/537.36 (KHTML, like Gecko) Chrome/85.0.4183.102 Safari/537.36', 'detail', '/detail/1.html');
INSERT INTO `log` VALUES (447, '::1', '', '2020-09-12 05:17:04', 'Mozilla/5.0 (Macintosh; Intel Mac OS X 10_14_6) AppleWebKit/537.36 (KHTML, like Gecko) Chrome/85.0.4183.102 Safari/537.36', 'article', '/');
INSERT INTO `log` VALUES (448, '::1', '', '2020-09-12 05:17:09', 'Mozilla/5.0 (Macintosh; Intel Mac OS X 10_14_6) AppleWebKit/537.36 (KHTML, like Gecko) Chrome/85.0.4183.102 Safari/537.36', 'detail', '/detail/1.html');
INSERT INTO `log` VALUES (449, '::1', '', '2020-09-12 05:17:32', 'Mozilla/5.0 (Macintosh; Intel Mac OS X 10_14_6) AppleWebKit/537.36 (KHTML, like Gecko) Chrome/85.0.4183.102 Safari/537.36', 'detail', '/detail/1.html');
INSERT INTO `log` VALUES (450, '::1', '', '2020-09-12 05:19:10', 'Mozilla/5.0 (Macintosh; Intel Mac OS X 10_14_6) AppleWebKit/537.36 (KHTML, like Gecko) Chrome/85.0.4183.102 Safari/537.36', 'detail', '/detail/1.html');
INSERT INTO `log` VALUES (451, '::1', '', '2020-09-12 05:19:12', 'Mozilla/5.0 (Macintosh; Intel Mac OS X 10_14_6) AppleWebKit/537.36 (KHTML, like Gecko) Chrome/85.0.4183.102 Safari/537.36', 'detail', '/detail/1.html');
INSERT INTO `log` VALUES (452, '::1', '', '2020-09-12 05:19:12', 'Mozilla/5.0 (Macintosh; Intel Mac OS X 10_14_6) AppleWebKit/537.36 (KHTML, like Gecko) Chrome/85.0.4183.102 Safari/537.36', 'detail', '/detail/1.html');
INSERT INTO `log` VALUES (453, '::1', '', '2020-09-12 05:19:13', 'Mozilla/5.0 (Macintosh; Intel Mac OS X 10_14_6) AppleWebKit/537.36 (KHTML, like Gecko) Chrome/85.0.4183.102 Safari/537.36', 'detail', '/detail/1.html');
INSERT INTO `log` VALUES (454, '::1', '', '2020-09-12 05:19:19', 'Mozilla/5.0 (Macintosh; Intel Mac OS X 10_14_6) AppleWebKit/537.36 (KHTML, like Gecko) Chrome/85.0.4183.102 Safari/537.36', 'detail', '/detail/1.html');
INSERT INTO `log` VALUES (455, '::1', '', '2020-09-12 05:19:50', 'Mozilla/5.0 (Macintosh; Intel Mac OS X 10_14_6) AppleWebKit/537.36 (KHTML, like Gecko) Chrome/85.0.4183.102 Safari/537.36', 'detail', '/detail/1.html');
INSERT INTO `log` VALUES (456, '::1', '', '2020-09-12 05:19:52', 'Mozilla/5.0 (Macintosh; Intel Mac OS X 10_14_6) AppleWebKit/537.36 (KHTML, like Gecko) Chrome/85.0.4183.102 Safari/537.36', 'detail', '/detail/1.html');
INSERT INTO `log` VALUES (457, '::1', '', '2020-09-12 05:19:52', 'Mozilla/5.0 (Macintosh; Intel Mac OS X 10_14_6) AppleWebKit/537.36 (KHTML, like Gecko) Chrome/85.0.4183.102 Safari/537.36', 'detail', '/detail/1.html');
INSERT INTO `log` VALUES (458, '::1', '', '2020-09-12 05:19:53', 'Mozilla/5.0 (Macintosh; Intel Mac OS X 10_14_6) AppleWebKit/537.36 (KHTML, like Gecko) Chrome/85.0.4183.102 Safari/537.36', 'detail', '/detail/1.html');
INSERT INTO `log` VALUES (459, '::1', '', '2020-09-12 05:19:54', 'Mozilla/5.0 (Macintosh; Intel Mac OS X 10_14_6) AppleWebKit/537.36 (KHTML, like Gecko) Chrome/85.0.4183.102 Safari/537.36', 'detail', '/detail/1.html');
INSERT INTO `log` VALUES (460, '::1', '', '2020-09-12 05:20:38', 'Mozilla/5.0 (Macintosh; Intel Mac OS X 10_14_6) AppleWebKit/537.36 (KHTML, like Gecko) Chrome/85.0.4183.102 Safari/537.36', 'detail', '/detail/1.html');
INSERT INTO `log` VALUES (461, '::1', '', '2020-09-12 05:20:39', 'Mozilla/5.0 (Macintosh; Intel Mac OS X 10_14_6) AppleWebKit/537.36 (KHTML, like Gecko) Chrome/85.0.4183.102 Safari/537.36', 'detail', '/detail/1.html');
INSERT INTO `log` VALUES (462, '::1', '', '2020-09-12 05:20:40', 'Mozilla/5.0 (Macintosh; Intel Mac OS X 10_14_6) AppleWebKit/537.36 (KHTML, like Gecko) Chrome/85.0.4183.102 Safari/537.36', 'detail', '/detail/1.html');
INSERT INTO `log` VALUES (463, '::1', '', '2020-09-12 05:21:00', 'Mozilla/5.0 (Macintosh; Intel Mac OS X 10_14_6) AppleWebKit/537.36 (KHTML, like Gecko) Chrome/85.0.4183.102 Safari/537.36', 'detail', '/detail/1.html');
INSERT INTO `log` VALUES (464, '::1', '', '2020-09-12 05:24:28', 'Mozilla/5.0 (Macintosh; Intel Mac OS X 10_14_6) AppleWebKit/537.36 (KHTML, like Gecko) Chrome/85.0.4183.102 Safari/537.36', 'detail', '/detail/1.html');
INSERT INTO `log` VALUES (465, '::1', '', '2020-09-12 05:32:07', 'Mozilla/5.0 (Macintosh; Intel Mac OS X 10_14_6) AppleWebKit/537.36 (KHTML, like Gecko) Chrome/85.0.4183.102 Safari/537.36', 'detail', '/detail/1.html');
INSERT INTO `log` VALUES (466, '::1', '', '2020-09-12 05:33:37', 'Mozilla/5.0 (Macintosh; Intel Mac OS X 10_14_6) AppleWebKit/537.36 (KHTML, like Gecko) Chrome/85.0.4183.102 Safari/537.36', 'detail', '/detail/1.html');
INSERT INTO `log` VALUES (467, '::1', '', '2020-09-12 05:35:21', 'Mozilla/5.0 (Macintosh; Intel Mac OS X 10_14_6) AppleWebKit/537.36 (KHTML, like Gecko) Chrome/85.0.4183.102 Safari/537.36', 'detail', '/detail/1.html');
INSERT INTO `log` VALUES (468, '::1', '', '2020-09-12 05:36:52', 'Mozilla/5.0 (Macintosh; Intel Mac OS X 10_14_6) AppleWebKit/537.36 (KHTML, like Gecko) Chrome/85.0.4183.102 Safari/537.36', 'detail', '/detail/1.html');
INSERT INTO `log` VALUES (469, '::1', '', '2020-09-12 05:37:11', 'Mozilla/5.0 (Macintosh; Intel Mac OS X 10_14_6) AppleWebKit/537.36 (KHTML, like Gecko) Chrome/85.0.4183.102 Safari/537.36', 'detail', '/detail/1.html');
INSERT INTO `log` VALUES (470, '::1', '', '2020-09-12 05:37:31', 'Mozilla/5.0 (Macintosh; Intel Mac OS X 10_14_6) AppleWebKit/537.36 (KHTML, like Gecko) Chrome/85.0.4183.102 Safari/537.36', 'detail', '/detail/1.html');
INSERT INTO `log` VALUES (471, '::1', '', '2020-09-12 05:38:18', 'Mozilla/5.0 (Macintosh; Intel Mac OS X 10_14_6) AppleWebKit/537.36 (KHTML, like Gecko) Chrome/85.0.4183.102 Safari/537.36', 'detail', '/detail/1.html');
INSERT INTO `log` VALUES (472, '::1', '', '2020-09-12 05:38:48', 'Mozilla/5.0 (Macintosh; Intel Mac OS X 10_14_6) AppleWebKit/537.36 (KHTML, like Gecko) Chrome/85.0.4183.102 Safari/537.36', 'detail', '/detail/1.html');
INSERT INTO `log` VALUES (473, '::1', '', '2020-09-12 05:44:02', 'Mozilla/5.0 (Macintosh; Intel Mac OS X 10_14_6) AppleWebKit/537.36 (KHTML, like Gecko) Chrome/85.0.4183.102 Safari/537.36', 'article', '/');
INSERT INTO `log` VALUES (474, '::1', '', '2020-09-12 05:44:08', 'Mozilla/5.0 (Macintosh; Intel Mac OS X 10_14_6) AppleWebKit/537.36 (KHTML, like Gecko) Chrome/85.0.4183.102 Safari/537.36', 'detail', '/detail/1.html');
INSERT INTO `log` VALUES (475, '::1', '', '2020-09-12 05:48:19', 'Mozilla/5.0 (Macintosh; Intel Mac OS X 10_14_6) AppleWebKit/537.36 (KHTML, like Gecko) Chrome/85.0.4183.102 Safari/537.36', 'detail', '/detail/1.html');
INSERT INTO `log` VALUES (476, '::1', '', '2020-09-12 05:50:25', 'Mozilla/5.0 (Macintosh; Intel Mac OS X 10_14_6) AppleWebKit/537.36 (KHTML, like Gecko) Chrome/85.0.4183.102 Safari/537.36', 'detail', '/detail/1.html');
INSERT INTO `log` VALUES (477, '::1', '', '2020-09-12 05:51:14', 'Mozilla/5.0 (Macintosh; Intel Mac OS X 10_14_6) AppleWebKit/537.36 (KHTML, like Gecko) Chrome/85.0.4183.102 Safari/537.36', 'article', '/');
INSERT INTO `log` VALUES (478, '::1', '', '2020-09-12 05:51:21', 'Mozilla/5.0 (Macintosh; Intel Mac OS X 10_14_6) AppleWebKit/537.36 (KHTML, like Gecko) Chrome/85.0.4183.102 Safari/537.36', 'detail', '/detail/1.html');
INSERT INTO `log` VALUES (479, '::1', '', '2020-09-12 05:51:42', 'Mozilla/5.0 (Macintosh; Intel Mac OS X 10_14_6) AppleWebKit/537.36 (KHTML, like Gecko) Chrome/85.0.4183.102 Safari/537.36', 'detail', '/detail/1.html');
INSERT INTO `log` VALUES (480, '::1', '', '2020-09-12 05:51:42', 'Mozilla/5.0 (Macintosh; Intel Mac OS X 10_14_6) AppleWebKit/537.36 (KHTML, like Gecko) Chrome/85.0.4183.102 Safari/537.36', 'detail', '/detail/1.html');
INSERT INTO `log` VALUES (481, '::1', '', '2020-09-12 15:14:58', 'Mozilla/5.0 (Macintosh; Intel Mac OS X 10_14_6) AppleWebKit/537.36 (KHTML, like Gecko) Chrome/85.0.4183.102 Safari/537.36', 'article', '/');
INSERT INTO `log` VALUES (482, '::1', '', '2020-09-12 15:16:51', 'Mozilla/5.0 (Macintosh; Intel Mac OS X 10_14_6) AppleWebKit/537.36 (KHTML, like Gecko) Chrome/85.0.4183.102 Safari/537.36', 'article', '/');
INSERT INTO `log` VALUES (483, '::1', '', '2020-09-12 16:00:52', 'Mozilla/5.0 (Macintosh; Intel Mac OS X 10_14_6) AppleWebKit/537.36 (KHTML, like Gecko) Chrome/85.0.4183.102 Safari/537.36', 'article', '/list.html?page=2');
INSERT INTO `log` VALUES (484, '::1', '', '2020-09-12 16:00:58', 'Mozilla/5.0 (Macintosh; Intel Mac OS X 10_14_6) AppleWebKit/537.36 (KHTML, like Gecko) Chrome/85.0.4183.102 Safari/537.36', 'article', '/list.html?page=3');
INSERT INTO `log` VALUES (485, '::1', '', '2020-09-12 16:04:43', 'Mozilla/5.0 (Macintosh; Intel Mac OS X 10_14_6) AppleWebKit/537.36 (KHTML, like Gecko) Chrome/85.0.4183.102 Safari/537.36', 'detail', '/detail/2.html');
INSERT INTO `log` VALUES (486, '::1', '', '2020-09-12 16:04:51', 'Mozilla/5.0 (Macintosh; Intel Mac OS X 10_14_6) AppleWebKit/537.36 (KHTML, like Gecko) Chrome/85.0.4183.102 Safari/537.36', 'detail', '/detail/1.html');
INSERT INTO `log` VALUES (487, '::1', '', '2020-09-12 16:11:57', 'Mozilla/5.0 (Macintosh; Intel Mac OS X 10_14_6) AppleWebKit/537.36 (KHTML, like Gecko) Chrome/85.0.4183.102 Safari/537.36', 'detail', '/detail/1.html');
INSERT INTO `log` VALUES (488, '::1', '', '2020-09-12 16:20:43', 'Mozilla/5.0 (Macintosh; Intel Mac OS X 10_14_6) AppleWebKit/537.36 (KHTML, like Gecko) Chrome/85.0.4183.102 Safari/537.36', 'detail', '/detail/1.html');
INSERT INTO `log` VALUES (489, '::1', '', '2020-09-12 16:22:48', 'Mozilla/5.0 (Macintosh; Intel Mac OS X 10_14_6) AppleWebKit/537.36 (KHTML, like Gecko) Chrome/85.0.4183.102 Safari/537.36', 'article', '/');
INSERT INTO `log` VALUES (490, '::1', '', '2020-09-12 16:22:52', 'Mozilla/5.0 (Macintosh; Intel Mac OS X 10_14_6) AppleWebKit/537.36 (KHTML, like Gecko) Chrome/85.0.4183.102 Safari/537.36', 'article', '/?');
INSERT INTO `log` VALUES (491, '::1', '', '2020-09-12 16:27:25', 'Mozilla/5.0 (Macintosh; Intel Mac OS X 10_14_6) AppleWebKit/537.36 (KHTML, like Gecko) Chrome/85.0.4183.102 Safari/537.36', 'article', '/?');
INSERT INTO `log` VALUES (492, '::1', '', '2020-09-12 17:12:50', 'Mozilla/5.0 (Macintosh; Intel Mac OS X 10_14_6) AppleWebKit/537.36 (KHTML, like Gecko) Chrome/85.0.4183.102 Safari/537.36', 'article', '/');
INSERT INTO `log` VALUES (493, '::1', '', '2020-09-12 17:15:42', 'Mozilla/5.0 (Macintosh; Intel Mac OS X 10_14_6) AppleWebKit/537.36 (KHTML, like Gecko) Chrome/85.0.4183.102 Safari/537.36', 'article', '/');
INSERT INTO `log` VALUES (494, '::1', '', '2020-09-12 17:15:51', 'Mozilla/5.0 (Macintosh; Intel Mac OS X 10_14_6) AppleWebKit/537.36 (KHTML, like Gecko) Chrome/85.0.4183.102 Safari/537.36', 'article', '/list.html?page=2');
INSERT INTO `log` VALUES (495, '::1', '', '2020-09-12 17:15:56', 'Mozilla/5.0 (Macintosh; Intel Mac OS X 10_14_6) AppleWebKit/537.36 (KHTML, like Gecko) Chrome/85.0.4183.102 Safari/537.36', 'article', '/list.html?page=3');
INSERT INTO `log` VALUES (496, '::1', '', '2020-09-12 17:17:54', 'Mozilla/5.0 (iPhone; CPU iPhone OS 13_2_3 like Mac OS X) AppleWebKit/605.1.15 (KHTML, like Gecko) Version/13.0.3 Mobile/15E148 Safari/604.1', 'article', '/');
INSERT INTO `log` VALUES (497, '::1', '', '2020-09-12 17:43:23', 'Mozilla/5.0 (Macintosh; Intel Mac OS X 10_14_6) AppleWebKit/537.36 (KHTML, like Gecko) Chrome/85.0.4183.102 Safari/537.36', 'article', '/list.html');
INSERT INTO `log` VALUES (498, '::1', '', '2020-09-12 19:50:29', 'Mozilla/5.0 (Macintosh; Intel Mac OS X 10_14_6) AppleWebKit/537.36 (KHTML, like Gecko) Chrome/85.0.4183.102 Safari/537.36', 'article', '/list.html');
INSERT INTO `log` VALUES (499, '::1', '', '2020-09-12 19:50:34', 'Mozilla/5.0 (Macintosh; Intel Mac OS X 10_14_6) AppleWebKit/537.36 (KHTML, like Gecko) Chrome/85.0.4183.102 Safari/537.36', 'detail', '/detail/1.html');
INSERT INTO `log` VALUES (500, '::1', '', '2020-09-12 19:54:54', 'Mozilla/5.0 (Macintosh; Intel Mac OS X 10_14_6) AppleWebKit/537.36 (KHTML, like Gecko) Chrome/85.0.4183.102 Safari/537.36', 'detail', '/detail/1.html');
INSERT INTO `log` VALUES (501, '::1', '', '2020-09-13 00:56:49', 'Mozilla/5.0 (Macintosh; Intel Mac OS X 10_14_6) AppleWebKit/537.36 (KHTML, like Gecko) Chrome/85.0.4183.102 Safari/537.36', 'article', '/');
INSERT INTO `log` VALUES (502, '::1', '', '2020-09-13 00:57:21', 'Mozilla/5.0 (Macintosh; Intel Mac OS X 10_14_6) AppleWebKit/537.36 (KHTML, like Gecko) Chrome/85.0.4183.102 Safari/537.36', 'article', '/');
INSERT INTO `log` VALUES (503, '::1', '', '2020-09-13 02:17:00', 'Mozilla/5.0 (Macintosh; Intel Mac OS X 10_14_6) AppleWebKit/537.36 (KHTML, like Gecko) Chrome/85.0.4183.102 Safari/537.36', 'article', '/');
INSERT INTO `log` VALUES (504, '::1', '', '2020-09-13 02:20:46', 'Mozilla/5.0 (Macintosh; Intel Mac OS X 10_14_6) AppleWebKit/537.36 (KHTML, like Gecko) Chrome/85.0.4183.102 Safari/537.36', 'article', '/');
INSERT INTO `log` VALUES (505, '::1', '', '2020-09-13 02:24:08', 'Mozilla/5.0 (Macintosh; Intel Mac OS X 10_14_6) AppleWebKit/537.36 (KHTML, like Gecko) Chrome/85.0.4183.102 Safari/537.36', 'article', '/');
INSERT INTO `log` VALUES (506, '::1', '', '2020-09-13 02:28:46', 'Mozilla/5.0 (Macintosh; Intel Mac OS X 10_14_6) AppleWebKit/537.36 (KHTML, like Gecko) Chrome/85.0.4183.102 Safari/537.36', 'article', '/');
INSERT INTO `log` VALUES (507, '::1', '', '2020-09-13 02:30:58', 'Mozilla/5.0 (Macintosh; Intel Mac OS X 10_14_6) AppleWebKit/537.36 (KHTML, like Gecko) Chrome/85.0.4183.102 Safari/537.36', 'article', '/');
INSERT INTO `log` VALUES (508, '::1', '', '2020-09-13 02:40:52', 'Mozilla/5.0 (Macintosh; Intel Mac OS X 10_14_6) AppleWebKit/537.36 (KHTML, like Gecko) Chrome/85.0.4183.102 Safari/537.36', 'article', '/');
INSERT INTO `log` VALUES (509, '::1', '', '2020-09-13 02:45:41', 'Mozilla/5.0 (Macintosh; Intel Mac OS X 10_14_6) AppleWebKit/537.36 (KHTML, like Gecko) Chrome/85.0.4183.102 Safari/537.36', 'article', '/');
INSERT INTO `log` VALUES (510, '::1', '', '2020-09-13 02:49:39', 'Mozilla/5.0 (Macintosh; Intel Mac OS X 10_14_6) AppleWebKit/537.36 (KHTML, like Gecko) Chrome/85.0.4183.102 Safari/537.36', 'article', '/');
INSERT INTO `log` VALUES (511, '::1', '', '2020-09-13 02:50:08', 'Mozilla/5.0 (Macintosh; Intel Mac OS X 10_14_6) AppleWebKit/537.36 (KHTML, like Gecko) Chrome/85.0.4183.102 Safari/537.36', 'article', '/');
INSERT INTO `log` VALUES (512, '::1', '', '2020-09-13 02:51:23', 'Mozilla/5.0 (Macintosh; Intel Mac OS X 10_14_6) AppleWebKit/537.36 (KHTML, like Gecko) Chrome/85.0.4183.102 Safari/537.36', 'article', '/');
INSERT INTO `log` VALUES (513, '::1', '', '2020-09-13 02:51:54', 'Mozilla/5.0 (Macintosh; Intel Mac OS X 10_14_6) AppleWebKit/537.36 (KHTML, like Gecko) Chrome/85.0.4183.102 Safari/537.36', 'article', '/');
INSERT INTO `log` VALUES (514, '::1', '', '2020-09-13 02:53:18', 'Mozilla/5.0 (Macintosh; Intel Mac OS X 10_14_6) AppleWebKit/537.36 (KHTML, like Gecko) Chrome/85.0.4183.102 Safari/537.36', 'article', '/');
INSERT INTO `log` VALUES (515, '::1', '', '2020-09-13 02:56:11', 'Mozilla/5.0 (Macintosh; Intel Mac OS X 10_14_6) AppleWebKit/537.36 (KHTML, like Gecko) Chrome/85.0.4183.102 Safari/537.36', 'detail', '/detail/1.html');
INSERT INTO `log` VALUES (516, '::1', '', '2020-09-13 13:35:00', 'Mozilla/5.0 (Macintosh; Intel Mac OS X 10_14_6) AppleWebKit/537.36 (KHTML, like Gecko) Chrome/85.0.4183.102 Safari/537.36', 'article', '/');
INSERT INTO `log` VALUES (517, '::1', '', '2020-09-13 13:40:19', 'Mozilla/5.0 (Macintosh; Intel Mac OS X 10_14_6) AppleWebKit/537.36 (KHTML, like Gecko) Chrome/85.0.4183.102 Safari/537.36', 'article', '/');
INSERT INTO `log` VALUES (518, '::1', '', '2020-09-13 13:42:24', 'Mozilla/5.0 (Macintosh; Intel Mac OS X 10_14_6) AppleWebKit/537.36 (KHTML, like Gecko) Chrome/85.0.4183.102 Safari/537.36', 'article', '/');
INSERT INTO `log` VALUES (519, '::1', '', '2020-09-13 13:43:25', 'Mozilla/5.0 (Macintosh; Intel Mac OS X 10_14_6) AppleWebKit/537.36 (KHTML, like Gecko) Chrome/85.0.4183.102 Safari/537.36', 'article', '/');
INSERT INTO `log` VALUES (520, '::1', '', '2020-09-13 13:45:12', 'Mozilla/5.0 (Macintosh; Intel Mac OS X 10_14_6) AppleWebKit/537.36 (KHTML, like Gecko) Chrome/85.0.4183.102 Safari/537.36', 'detail', '/detail/5.html');
INSERT INTO `log` VALUES (521, '::1', '', '2020-09-13 13:45:16', 'Mozilla/5.0 (Macintosh; Intel Mac OS X 10_14_6) AppleWebKit/537.36 (KHTML, like Gecko) Chrome/85.0.4183.102 Safari/537.36', 'detail', '/detail/5.html');
INSERT INTO `log` VALUES (522, '::1', '', '2020-09-13 13:45:17', 'Mozilla/5.0 (Macintosh; Intel Mac OS X 10_14_6) AppleWebKit/537.36 (KHTML, like Gecko) Chrome/85.0.4183.102 Safari/537.36', 'detail', '/detail/5.html');
INSERT INTO `log` VALUES (523, '::1', '', '2020-09-13 13:45:18', 'Mozilla/5.0 (Macintosh; Intel Mac OS X 10_14_6) AppleWebKit/537.36 (KHTML, like Gecko) Chrome/85.0.4183.102 Safari/537.36', 'detail', '/detail/5.html');
INSERT INTO `log` VALUES (524, '::1', '', '2020-09-13 13:45:18', 'Mozilla/5.0 (Macintosh; Intel Mac OS X 10_14_6) AppleWebKit/537.36 (KHTML, like Gecko) Chrome/85.0.4183.102 Safari/537.36', 'detail', '/detail/5.html');
INSERT INTO `log` VALUES (525, '::1', '', '2020-09-13 13:45:21', 'Mozilla/5.0 (Macintosh; Intel Mac OS X 10_14_6) AppleWebKit/537.36 (KHTML, like Gecko) Chrome/85.0.4183.102 Safari/537.36', 'article', '/');
INSERT INTO `log` VALUES (526, '::1', '', '2020-09-13 13:45:23', 'Mozilla/5.0 (Macintosh; Intel Mac OS X 10_14_6) AppleWebKit/537.36 (KHTML, like Gecko) Chrome/85.0.4183.102 Safari/537.36', 'article', '/');
INSERT INTO `log` VALUES (527, '::1', '', '2020-09-13 13:45:30', 'Mozilla/5.0 (Macintosh; Intel Mac OS X 10_14_6) AppleWebKit/537.36 (KHTML, like Gecko) Chrome/85.0.4183.102 Safari/537.36', 'detail', '/detail/1.html');
INSERT INTO `log` VALUES (528, '::1', '', '2020-09-13 13:45:54', 'Mozilla/5.0 (Macintosh; Intel Mac OS X 10_14_6) AppleWebKit/537.36 (KHTML, like Gecko) Chrome/85.0.4183.102 Safari/537.36', 'detail', '/detail/1.html');
INSERT INTO `log` VALUES (529, '::1', '', '2020-09-13 13:45:55', 'Mozilla/5.0 (Macintosh; Intel Mac OS X 10_14_6) AppleWebKit/537.36 (KHTML, like Gecko) Chrome/85.0.4183.102 Safari/537.36', 'detail', '/detail/1.html');
INSERT INTO `log` VALUES (530, '::1', '', '2020-09-13 13:45:56', 'Mozilla/5.0 (Macintosh; Intel Mac OS X 10_14_6) AppleWebKit/537.36 (KHTML, like Gecko) Chrome/85.0.4183.102 Safari/537.36', 'detail', '/detail/1.html');
INSERT INTO `log` VALUES (531, '::1', '', '2020-09-13 13:45:57', 'Mozilla/5.0 (Macintosh; Intel Mac OS X 10_14_6) AppleWebKit/537.36 (KHTML, like Gecko) Chrome/85.0.4183.102 Safari/537.36', 'detail', '/detail/1.html');
INSERT INTO `log` VALUES (532, '::1', '', '2020-09-13 13:45:58', 'Mozilla/5.0 (Macintosh; Intel Mac OS X 10_14_6) AppleWebKit/537.36 (KHTML, like Gecko) Chrome/85.0.4183.102 Safari/537.36', 'detail', '/detail/1.html');
INSERT INTO `log` VALUES (533, '::1', '', '2020-09-13 13:45:59', 'Mozilla/5.0 (Macintosh; Intel Mac OS X 10_14_6) AppleWebKit/537.36 (KHTML, like Gecko) Chrome/85.0.4183.102 Safari/537.36', 'detail', '/detail/1.html');
INSERT INTO `log` VALUES (534, '::1', '', '2020-09-13 13:45:59', 'Mozilla/5.0 (Macintosh; Intel Mac OS X 10_14_6) AppleWebKit/537.36 (KHTML, like Gecko) Chrome/85.0.4183.102 Safari/537.36', 'detail', '/detail/1.html');
INSERT INTO `log` VALUES (535, '::1', '', '2020-09-13 13:46:01', 'Mozilla/5.0 (Macintosh; Intel Mac OS X 10_14_6) AppleWebKit/537.36 (KHTML, like Gecko) Chrome/85.0.4183.102 Safari/537.36', 'detail', '/detail/1.html');
INSERT INTO `log` VALUES (536, '::1', '', '2020-09-13 13:46:02', 'Mozilla/5.0 (Macintosh; Intel Mac OS X 10_14_6) AppleWebKit/537.36 (KHTML, like Gecko) Chrome/85.0.4183.102 Safari/537.36', 'detail', '/detail/1.html');
INSERT INTO `log` VALUES (537, '::1', '', '2020-09-13 13:46:03', 'Mozilla/5.0 (Macintosh; Intel Mac OS X 10_14_6) AppleWebKit/537.36 (KHTML, like Gecko) Chrome/85.0.4183.102 Safari/537.36', 'detail', '/detail/1.html');
INSERT INTO `log` VALUES (538, '::1', '', '2020-09-13 13:46:04', 'Mozilla/5.0 (Macintosh; Intel Mac OS X 10_14_6) AppleWebKit/537.36 (KHTML, like Gecko) Chrome/85.0.4183.102 Safari/537.36', 'detail', '/detail/1.html');
INSERT INTO `log` VALUES (539, '::1', '', '2020-09-13 13:46:04', 'Mozilla/5.0 (Macintosh; Intel Mac OS X 10_14_6) AppleWebKit/537.36 (KHTML, like Gecko) Chrome/85.0.4183.102 Safari/537.36', 'detail', '/detail/1.html');
INSERT INTO `log` VALUES (540, '::1', '', '2020-09-13 13:46:05', 'Mozilla/5.0 (Macintosh; Intel Mac OS X 10_14_6) AppleWebKit/537.36 (KHTML, like Gecko) Chrome/85.0.4183.102 Safari/537.36', 'detail', '/detail/1.html');
INSERT INTO `log` VALUES (541, '::1', '', '2020-09-13 13:46:05', 'Mozilla/5.0 (Macintosh; Intel Mac OS X 10_14_6) AppleWebKit/537.36 (KHTML, like Gecko) Chrome/85.0.4183.102 Safari/537.36', 'detail', '/detail/1.html');
INSERT INTO `log` VALUES (542, '::1', '', '2020-09-13 13:46:06', 'Mozilla/5.0 (Macintosh; Intel Mac OS X 10_14_6) AppleWebKit/537.36 (KHTML, like Gecko) Chrome/85.0.4183.102 Safari/537.36', 'detail', '/detail/1.html');
INSERT INTO `log` VALUES (543, '::1', '', '2020-09-13 13:46:06', 'Mozilla/5.0 (Macintosh; Intel Mac OS X 10_14_6) AppleWebKit/537.36 (KHTML, like Gecko) Chrome/85.0.4183.102 Safari/537.36', 'detail', '/detail/1.html');
INSERT INTO `log` VALUES (544, '::1', '', '2020-09-13 13:46:08', 'Mozilla/5.0 (Macintosh; Intel Mac OS X 10_14_6) AppleWebKit/537.36 (KHTML, like Gecko) Chrome/85.0.4183.102 Safari/537.36', 'detail', '/detail/1.html');
INSERT INTO `log` VALUES (545, '::1', '', '2020-09-13 14:07:47', 'Mozilla/5.0 (Macintosh; Intel Mac OS X 10_14_6) AppleWebKit/537.36 (KHTML, like Gecko) Chrome/85.0.4183.102 Safari/537.36', 'detail', '/detail/1.html');
INSERT INTO `log` VALUES (546, '::1', '', '2020-09-13 14:07:48', 'Mozilla/5.0 (Macintosh; Intel Mac OS X 10_14_6) AppleWebKit/537.36 (KHTML, like Gecko) Chrome/85.0.4183.102 Safari/537.36', 'detail', '/detail/1.html');
INSERT INTO `log` VALUES (547, '::1', '', '2020-09-13 14:07:50', 'Mozilla/5.0 (Macintosh; Intel Mac OS X 10_14_6) AppleWebKit/537.36 (KHTML, like Gecko) Chrome/85.0.4183.102 Safari/537.36', 'detail', '/detail/1.html');
INSERT INTO `log` VALUES (548, '::1', '', '2020-09-13 14:07:51', 'Mozilla/5.0 (Macintosh; Intel Mac OS X 10_14_6) AppleWebKit/537.36 (KHTML, like Gecko) Chrome/85.0.4183.102 Safari/537.36', 'detail', '/detail/1.html');
INSERT INTO `log` VALUES (549, '::1', '', '2020-09-13 14:07:52', 'Mozilla/5.0 (Macintosh; Intel Mac OS X 10_14_6) AppleWebKit/537.36 (KHTML, like Gecko) Chrome/85.0.4183.102 Safari/537.36', 'detail', '/detail/1.html');
INSERT INTO `log` VALUES (550, '::1', '', '2020-09-13 14:08:05', 'Mozilla/5.0 (Macintosh; Intel Mac OS X 10_14_6) AppleWebKit/537.36 (KHTML, like Gecko) Chrome/85.0.4183.102 Safari/537.36', 'article', '/');
INSERT INTO `log` VALUES (551, '::1', '', '2020-09-13 14:08:10', 'Mozilla/5.0 (Macintosh; Intel Mac OS X 10_14_6) AppleWebKit/537.36 (KHTML, like Gecko) Chrome/85.0.4183.102 Safari/537.36', 'detail', '/detail/1.html');
INSERT INTO `log` VALUES (552, '::1', '', '2020-09-13 14:09:14', 'Mozilla/5.0 (Macintosh; Intel Mac OS X 10_14_6) AppleWebKit/537.36 (KHTML, like Gecko) Chrome/85.0.4183.102 Safari/537.36', 'detail', '/detail/1.html');
INSERT INTO `log` VALUES (553, '::1', '', '2020-09-13 14:09:16', 'Mozilla/5.0 (Macintosh; Intel Mac OS X 10_14_6) AppleWebKit/537.36 (KHTML, like Gecko) Chrome/85.0.4183.102 Safari/537.36', 'detail', '/detail/1.html');
INSERT INTO `log` VALUES (554, '::1', '', '2020-09-13 14:09:19', 'Mozilla/5.0 (Macintosh; Intel Mac OS X 10_14_6) AppleWebKit/537.36 (KHTML, like Gecko) Chrome/85.0.4183.102 Safari/537.36', 'article', '/');
INSERT INTO `log` VALUES (555, '::1', '', '2020-09-13 14:09:24', 'Mozilla/5.0 (Macintosh; Intel Mac OS X 10_14_6) AppleWebKit/537.36 (KHTML, like Gecko) Chrome/85.0.4183.102 Safari/537.36', 'detail', '/detail/1.html');
INSERT INTO `log` VALUES (556, '::1', '', '2020-09-13 14:10:32', 'Mozilla/5.0 (Macintosh; Intel Mac OS X 10_14_6) AppleWebKit/537.36 (KHTML, like Gecko) Chrome/85.0.4183.102 Safari/537.36', 'article', '/');
INSERT INTO `log` VALUES (557, '::1', '', '2020-09-13 16:41:32', 'Mozilla/5.0 (Macintosh; Intel Mac OS X 10_14_6) AppleWebKit/537.36 (KHTML, like Gecko) Chrome/85.0.4183.102 Safari/537.36', 'article', '/');
INSERT INTO `log` VALUES (558, '::1', '', '2020-09-13 16:46:04', 'Mozilla/5.0 (Macintosh; Intel Mac OS X 10_14_6) AppleWebKit/537.36 (KHTML, like Gecko) Chrome/85.0.4183.102 Safari/537.36', 'article', '/');
INSERT INTO `log` VALUES (559, '::1', '', '2020-09-13 16:46:09', 'Mozilla/5.0 (Macintosh; Intel Mac OS X 10_14_6) AppleWebKit/537.36 (KHTML, like Gecko) Chrome/85.0.4183.102 Safari/537.36', 'article', '/search.html?query=');
INSERT INTO `log` VALUES (560, '::1', '', '2020-09-13 16:48:15', 'Mozilla/5.0 (Macintosh; Intel Mac OS X 10_14_6) AppleWebKit/537.36 (KHTML, like Gecko) Chrome/85.0.4183.102 Safari/537.36', 'article', '/list.html?page=2');
INSERT INTO `log` VALUES (561, '::1', '', '2020-09-13 16:48:23', 'Mozilla/5.0 (Macintosh; Intel Mac OS X 10_14_6) AppleWebKit/537.36 (KHTML, like Gecko) Chrome/85.0.4183.102 Safari/537.36', 'article', '/list.html?page=1&c=0');
INSERT INTO `log` VALUES (562, '::1', '', '2020-09-13 16:50:20', 'Mozilla/5.0 (Macintosh; Intel Mac OS X 10_14_6) AppleWebKit/537.36 (KHTML, like Gecko) Chrome/85.0.4183.102 Safari/537.36', 'article', '/list.html?page=1&c=0');
INSERT INTO `log` VALUES (563, '::1', '', '2020-09-13 16:50:25', 'Mozilla/5.0 (Macintosh; Intel Mac OS X 10_14_6) AppleWebKit/537.36 (KHTML, like Gecko) Chrome/85.0.4183.102 Safari/537.36', 'article', '/list.html');
INSERT INTO `log` VALUES (564, '::1', '', '2020-09-13 16:50:46', 'Mozilla/5.0 (Macintosh; Intel Mac OS X 10_14_6) AppleWebKit/537.36 (KHTML, like Gecko) Chrome/85.0.4183.102 Safari/537.36', 'article', '/search.html?page=2');
INSERT INTO `log` VALUES (565, '::1', '', '2020-09-13 16:50:56', 'Mozilla/5.0 (Macintosh; Intel Mac OS X 10_14_6) AppleWebKit/537.36 (KHTML, like Gecko) Chrome/85.0.4183.102 Safari/537.36', 'article', '/list.html?page=1&c=0');
INSERT INTO `log` VALUES (566, '::1', '', '2020-09-13 16:53:17', 'Mozilla/5.0 (Macintosh; Intel Mac OS X 10_14_6) AppleWebKit/537.36 (KHTML, like Gecko) Chrome/85.0.4183.102 Safari/537.36', 'article', '/search.html?page=2');
INSERT INTO `log` VALUES (567, '::1', '', '2020-09-13 16:53:23', 'Mozilla/5.0 (Macintosh; Intel Mac OS X 10_14_6) AppleWebKit/537.36 (KHTML, like Gecko) Chrome/85.0.4183.102 Safari/537.36', 'article', '/list.html?page=1&c=0');
INSERT INTO `log` VALUES (568, '::1', '', '2020-09-13 16:56:11', 'Mozilla/5.0 (Macintosh; Intel Mac OS X 10_14_6) AppleWebKit/537.36 (KHTML, like Gecko) Chrome/85.0.4183.102 Safari/537.36', 'article', '/search.html?page=2');
INSERT INTO `log` VALUES (569, '::1', '', '2020-09-13 16:56:37', 'Mozilla/5.0 (Macintosh; Intel Mac OS X 10_14_6) AppleWebKit/537.36 (KHTML, like Gecko) Chrome/85.0.4183.102 Safari/537.36', 'article', '/list.html?page=1&c=0');
INSERT INTO `log` VALUES (570, '::1', '', '2020-09-13 16:56:46', 'Mozilla/5.0 (Macintosh; Intel Mac OS X 10_14_6) AppleWebKit/537.36 (KHTML, like Gecko) Chrome/85.0.4183.102 Safari/537.36', 'article', '/');
INSERT INTO `log` VALUES (571, '::1', '', '2020-09-13 17:29:58', 'Mozilla/5.0 (Macintosh; Intel Mac OS X 10_14_6) AppleWebKit/537.36 (KHTML, like Gecko) Chrome/85.0.4183.102 Safari/537.36', 'article', '/search.html?query=');
INSERT INTO `log` VALUES (572, '::1', '', '2020-09-13 17:36:31', 'Mozilla/5.0 (Macintosh; Intel Mac OS X 10_14_6) AppleWebKit/537.36 (KHTML, like Gecko) Chrome/85.0.4183.102 Safari/537.36', 'article', '/');
INSERT INTO `log` VALUES (573, '::1', '', '2020-09-13 17:39:27', 'Mozilla/5.0 (Macintosh; Intel Mac OS X 10_14_6) AppleWebKit/537.36 (KHTML, like Gecko) Chrome/85.0.4183.102 Safari/537.36', 'article', '/');
INSERT INTO `log` VALUES (574, '::1', '', '2020-09-13 17:46:22', 'Mozilla/5.0 (Macintosh; Intel Mac OS X 10_14_6) AppleWebKit/537.36 (KHTML, like Gecko) Chrome/85.0.4183.102 Safari/537.36', 'article', '/');
INSERT INTO `log` VALUES (575, '::1', '', '2020-09-13 18:15:50', 'Mozilla/5.0 (Macintosh; Intel Mac OS X 10_14_6) AppleWebKit/537.36 (KHTML, like Gecko) Chrome/85.0.4183.102 Safari/537.36', 'article', '/');
INSERT INTO `log` VALUES (576, '::1', '', '2020-09-14 22:23:25', 'Mozilla/5.0 (Macintosh; Intel Mac OS X 10_14_6) AppleWebKit/537.36 (KHTML, like Gecko) Chrome/85.0.4183.102 Safari/537.36', 'article', '/');
INSERT INTO `log` VALUES (577, '::1', '', '2020-09-14 22:37:49', 'Mozilla/5.0 (Macintosh; Intel Mac OS X 10_14_6) AppleWebKit/537.36 (KHTML, like Gecko) Chrome/85.0.4183.102 Safari/537.36', 'article', '/');
INSERT INTO `log` VALUES (578, '::1', '', '2020-09-14 22:41:57', 'Mozilla/5.0 (Macintosh; Intel Mac OS X 10_14_6) AppleWebKit/537.36 (KHTML, like Gecko) Chrome/85.0.4183.102 Safari/537.36', 'article', '/');
INSERT INTO `log` VALUES (579, '::1', '', '2020-09-14 22:41:57', 'Mozilla/5.0 (Macintosh; Intel Mac OS X 10_14_6) AppleWebKit/537.36 (KHTML, like Gecko) Chrome/85.0.4183.102 Safari/537.36', 'article', '/');
INSERT INTO `log` VALUES (580, '::1', '', '2020-09-14 22:41:58', 'Mozilla/5.0 (Macintosh; Intel Mac OS X 10_14_6) AppleWebKit/537.36 (KHTML, like Gecko) Chrome/85.0.4183.102 Safari/537.36', 'article', '/');
INSERT INTO `log` VALUES (581, '::1', '', '2020-09-14 22:41:59', 'Mozilla/5.0 (Macintosh; Intel Mac OS X 10_14_6) AppleWebKit/537.36 (KHTML, like Gecko) Chrome/85.0.4183.102 Safari/537.36', 'article', '/');
INSERT INTO `log` VALUES (582, '::1', '', '2020-09-14 22:42:08', 'Mozilla/5.0 (Macintosh; Intel Mac OS X 10_14_6) AppleWebKit/537.36 (KHTML, like Gecko) Chrome/85.0.4183.102 Safari/537.36', 'article', '/');
INSERT INTO `log` VALUES (583, '::1', '', '2020-09-14 22:42:09', 'Mozilla/5.0 (Macintosh; Intel Mac OS X 10_14_6) AppleWebKit/537.36 (KHTML, like Gecko) Chrome/85.0.4183.102 Safari/537.36', 'article', '/');
INSERT INTO `log` VALUES (584, '::1', '', '2020-09-14 22:42:09', 'Mozilla/5.0 (Macintosh; Intel Mac OS X 10_14_6) AppleWebKit/537.36 (KHTML, like Gecko) Chrome/85.0.4183.102 Safari/537.36', 'article', '/');
INSERT INTO `log` VALUES (585, '::1', '', '2020-09-14 22:42:10', 'Mozilla/5.0 (Macintosh; Intel Mac OS X 10_14_6) AppleWebKit/537.36 (KHTML, like Gecko) Chrome/85.0.4183.102 Safari/537.36', 'article', '/');
INSERT INTO `log` VALUES (586, '::1', '', '2020-09-14 22:42:10', 'Mozilla/5.0 (Macintosh; Intel Mac OS X 10_14_6) AppleWebKit/537.36 (KHTML, like Gecko) Chrome/85.0.4183.102 Safari/537.36', 'article', '/');
INSERT INTO `log` VALUES (587, '::1', '', '2020-09-14 22:48:13', 'Mozilla/5.0 (Macintosh; Intel Mac OS X 10_14_6) AppleWebKit/537.36 (KHTML, like Gecko) Chrome/85.0.4183.102 Safari/537.36', 'article', '/');
INSERT INTO `log` VALUES (588, '::1', '', '2020-09-14 22:50:54', 'Mozilla/5.0 (Macintosh; Intel Mac OS X 10_14_6) AppleWebKit/537.36 (KHTML, like Gecko) Chrome/85.0.4183.102 Safari/537.36', 'article', '/');
INSERT INTO `log` VALUES (589, '::1', '', '2020-09-14 22:59:13', 'Mozilla/5.0 (Macintosh; Intel Mac OS X 10_14_6) AppleWebKit/537.36 (KHTML, like Gecko) Chrome/85.0.4183.102 Safari/537.36', 'article', '/');
INSERT INTO `log` VALUES (590, '::1', '', '2020-09-14 23:03:49', 'Mozilla/5.0 (Macintosh; Intel Mac OS X 10_14_6) AppleWebKit/537.36 (KHTML, like Gecko) Chrome/85.0.4183.102 Safari/537.36', 'article', '/');
INSERT INTO `log` VALUES (591, '::1', '', '2020-09-14 23:03:52', 'Mozilla/5.0 (Macintosh; Intel Mac OS X 10_14_6) AppleWebKit/537.36 (KHTML, like Gecko) Chrome/85.0.4183.102 Safari/537.36', 'article', '/');
INSERT INTO `log` VALUES (592, '::1', '', '2020-09-14 23:03:54', 'Mozilla/5.0 (Macintosh; Intel Mac OS X 10_14_6) AppleWebKit/537.36 (KHTML, like Gecko) Chrome/85.0.4183.102 Safari/537.36', 'article', '/');
INSERT INTO `log` VALUES (593, '::1', '', '2020-09-14 23:14:39', 'Mozilla/5.0 (Macintosh; Intel Mac OS X 10_14_6) AppleWebKit/537.36 (KHTML, like Gecko) Chrome/85.0.4183.102 Safari/537.36', 'article', '/');
INSERT INTO `log` VALUES (594, '::1', '', '2020-09-14 23:14:45', 'Mozilla/5.0 (Macintosh; Intel Mac OS X 10_14_6) AppleWebKit/537.36 (KHTML, like Gecko) Chrome/85.0.4183.102 Safari/537.36', 'detail', '/detail/1.html');
INSERT INTO `log` VALUES (595, '::1', '', '2020-09-14 23:21:52', 'Mozilla/5.0 (Macintosh; Intel Mac OS X 10_14_6) AppleWebKit/537.36 (KHTML, like Gecko) Chrome/85.0.4183.102 Safari/537.36', 'article', '/');
INSERT INTO `log` VALUES (596, '::1', '', '2020-09-14 23:25:36', 'Mozilla/5.0 (Macintosh; Intel Mac OS X 10_14_6) AppleWebKit/537.36 (KHTML, like Gecko) Chrome/85.0.4183.102 Safari/537.36', 'article', '/');
INSERT INTO `log` VALUES (597, '::1', '', '2020-09-14 23:26:23', 'Mozilla/5.0 (Macintosh; Intel Mac OS X 10_14_6) AppleWebKit/537.36 (KHTML, like Gecko) Chrome/85.0.4183.102 Safari/537.36', 'detail', '/detail/1.html');
INSERT INTO `log` VALUES (598, '::1', '', '2020-09-14 23:28:32', 'Mozilla/5.0 (Macintosh; Intel Mac OS X 10_14_6) AppleWebKit/537.36 (KHTML, like Gecko) Chrome/85.0.4183.102 Safari/537.36', 'detail', '/detail/1.html');
INSERT INTO `log` VALUES (599, '::1', '', '2020-09-14 23:29:37', 'Mozilla/5.0 (Macintosh; Intel Mac OS X 10_14_6) AppleWebKit/537.36 (KHTML, like Gecko) Chrome/85.0.4183.102 Safari/537.36', 'article', '/');
INSERT INTO `log` VALUES (600, '::1', '', '2020-09-14 23:29:40', 'Mozilla/5.0 (Macintosh; Intel Mac OS X 10_14_6) AppleWebKit/537.36 (KHTML, like Gecko) Chrome/85.0.4183.102 Safari/537.36', 'detail', '/detail/1.html');
INSERT INTO `log` VALUES (601, '::1', '', '2020-09-14 23:32:54', 'Mozilla/5.0 (Macintosh; Intel Mac OS X 10_14_6) AppleWebKit/537.36 (KHTML, like Gecko) Chrome/85.0.4183.102 Safari/537.36', 'article', '/');
INSERT INTO `log` VALUES (602, '::1', '', '2020-09-14 23:32:57', 'Mozilla/5.0 (Macintosh; Intel Mac OS X 10_14_6) AppleWebKit/537.36 (KHTML, like Gecko) Chrome/85.0.4183.102 Safari/537.36', 'detail', '/detail/1.html');
INSERT INTO `log` VALUES (603, '::1', '', '2020-09-14 23:43:05', 'Mozilla/5.0 (Macintosh; Intel Mac OS X 10_14_6) AppleWebKit/537.36 (KHTML, like Gecko) Chrome/85.0.4183.102 Safari/537.36', 'article', '/');
INSERT INTO `log` VALUES (604, '::1', '', '2020-09-14 23:44:18', 'Mozilla/5.0 (Macintosh; Intel Mac OS X 10_14_6) AppleWebKit/537.36 (KHTML, like Gecko) Chrome/85.0.4183.102 Safari/537.36', 'detail', '/detail/2.html');
INSERT INTO `log` VALUES (605, '::1', '', '2020-09-14 23:46:32', 'Mozilla/5.0 (Macintosh; Intel Mac OS X 10_14_6) AppleWebKit/537.36 (KHTML, like Gecko) Chrome/85.0.4183.102 Safari/537.36', 'detail', '/detail/2.html');
INSERT INTO `log` VALUES (606, '::1', '', '2020-09-14 23:46:59', 'Mozilla/5.0 (Macintosh; Intel Mac OS X 10_14_6) AppleWebKit/537.36 (KHTML, like Gecko) Chrome/85.0.4183.102 Safari/537.36', 'article', '/');
INSERT INTO `log` VALUES (607, '::1', '', '2020-09-14 23:47:02', 'Mozilla/5.0 (Macintosh; Intel Mac OS X 10_14_6) AppleWebKit/537.36 (KHTML, like Gecko) Chrome/85.0.4183.102 Safari/537.36', 'detail', '/detail/1.html');
INSERT INTO `log` VALUES (608, '::1', '', '2020-09-15 00:06:13', 'Mozilla/5.0 (Macintosh; Intel Mac OS X 10_14_6) AppleWebKit/537.36 (KHTML, like Gecko) Chrome/85.0.4183.102 Safari/537.36', 'article', '/');
INSERT INTO `log` VALUES (609, '::1', '', '2020-09-15 00:07:03', 'Mozilla/5.0 (Macintosh; Intel Mac OS X 10_14_6) AppleWebKit/537.36 (KHTML, like Gecko) Chrome/85.0.4183.102 Safari/537.36', 'article', '/');
INSERT INTO `log` VALUES (610, '::1', '', '2020-09-15 00:07:23', 'Mozilla/5.0 (Macintosh; Intel Mac OS X 10_14_6) AppleWebKit/537.36 (KHTML, like Gecko) Chrome/85.0.4183.102 Safari/537.36', 'detail', '/detail/2.html');
INSERT INTO `log` VALUES (611, '::1', '', '2020-09-15 00:49:15', 'Mozilla/5.0 (Macintosh; Intel Mac OS X 10_14_6) AppleWebKit/537.36 (KHTML, like Gecko) Chrome/85.0.4183.102 Safari/537.36', 'article', '/');
INSERT INTO `log` VALUES (612, '::1', '', '2020-09-15 01:17:05', 'Mozilla/5.0 (Macintosh; Intel Mac OS X 10_14_6) AppleWebKit/537.36 (KHTML, like Gecko) Chrome/85.0.4183.102 Safari/537.36', 'article', '/');
INSERT INTO `log` VALUES (613, '::1', '', '2020-09-15 01:21:22', 'Mozilla/5.0 (Macintosh; Intel Mac OS X 10_14_6) AppleWebKit/537.36 (KHTML, like Gecko) Chrome/85.0.4183.102 Safari/537.36', 'article', '/');
INSERT INTO `log` VALUES (614, '::1', '', '2020-09-15 01:22:13', 'Mozilla/5.0 (Macintosh; Intel Mac OS X 10_14_6) AppleWebKit/537.36 (KHTML, like Gecko) Chrome/85.0.4183.102 Safari/537.36', 'article', '/');
INSERT INTO `log` VALUES (615, '::1', '', '2020-09-15 01:22:18', 'Mozilla/5.0 (Macintosh; Intel Mac OS X 10_14_6) AppleWebKit/537.36 (KHTML, like Gecko) Chrome/85.0.4183.102 Safari/537.36', 'detail', '/detail/1.html');
INSERT INTO `log` VALUES (616, '::1', '', '2020-09-15 01:22:37', 'Mozilla/5.0 (Macintosh; Intel Mac OS X 10_14_6) AppleWebKit/537.36 (KHTML, like Gecko) Chrome/85.0.4183.102 Safari/537.36', 'article', '/');
INSERT INTO `log` VALUES (617, '::1', '', '2020-09-15 01:56:13', 'Mozilla/5.0 (Macintosh; Intel Mac OS X 10_14_6) AppleWebKit/537.36 (KHTML, like Gecko) Chrome/85.0.4183.102 Safari/537.36', 'article', '/');
INSERT INTO `log` VALUES (618, '::1', '', '2020-09-15 01:57:11', 'Mozilla/5.0 (Macintosh; Intel Mac OS X 10_14_6) AppleWebKit/537.36 (KHTML, like Gecko) Chrome/85.0.4183.102 Safari/537.36', 'article', '/');
INSERT INTO `log` VALUES (619, '::1', '', '2020-09-15 02:01:26', 'Mozilla/5.0 (Macintosh; Intel Mac OS X 10_14_6) AppleWebKit/537.36 (KHTML, like Gecko) Chrome/85.0.4183.102 Safari/537.36', 'article', '/');
INSERT INTO `log` VALUES (620, '::1', '', '2020-09-15 02:02:54', 'Mozilla/5.0 (Macintosh; Intel Mac OS X 10_14_6) AppleWebKit/537.36 (KHTML, like Gecko) Chrome/85.0.4183.102 Safari/537.36', 'article', '/');
INSERT INTO `log` VALUES (621, '::1', '', '2020-09-15 02:05:09', 'Mozilla/5.0 (Macintosh; Intel Mac OS X 10_14_6) AppleWebKit/537.36 (KHTML, like Gecko) Chrome/85.0.4183.102 Safari/537.36', 'article', '/');
INSERT INTO `log` VALUES (622, '::1', '', '2020-09-15 02:05:23', 'Mozilla/5.0 (Macintosh; Intel Mac OS X 10_14_6) AppleWebKit/537.36 (KHTML, like Gecko) Chrome/85.0.4183.102 Safari/537.36', 'article', '/list.html?cate=ebook');
INSERT INTO `log` VALUES (623, '::1', '', '2020-09-15 02:05:44', 'Mozilla/5.0 (Macintosh; Intel Mac OS X 10_14_6) AppleWebKit/537.36 (KHTML, like Gecko) Chrome/85.0.4183.102 Safari/537.36', 'detail', '/detail/9.html');
INSERT INTO `log` VALUES (624, '::1', '', '2020-09-15 02:05:49', 'Mozilla/5.0 (Macintosh; Intel Mac OS X 10_14_6) AppleWebKit/537.36 (KHTML, like Gecko) Chrome/85.0.4183.102 Safari/537.36', 'article', '/');
INSERT INTO `log` VALUES (625, '::1', '', '2020-09-15 03:54:23', 'Mozilla/5.0 (Macintosh; Intel Mac OS X 10_14_6) AppleWebKit/537.36 (KHTML, like Gecko) Chrome/85.0.4183.102 Safari/537.36', 'article', '/');
INSERT INTO `log` VALUES (626, '::1', '', '2020-09-15 04:08:35', 'Mozilla/5.0 (Macintosh; Intel Mac OS X 10_14_6) AppleWebKit/537.36 (KHTML, like Gecko) Chrome/85.0.4183.102 Safari/537.36', 'article', '/');
INSERT INTO `log` VALUES (627, '::1', '', '2020-09-15 05:12:22', 'Mozilla/5.0 (Macintosh; Intel Mac OS X 10_14_6) AppleWebKit/537.36 (KHTML, like Gecko) Chrome/85.0.4183.102 Safari/537.36', 'article', '/');
INSERT INTO `log` VALUES (628, '::1', '', '2020-09-15 05:17:15', 'Mozilla/5.0 (Macintosh; Intel Mac OS X 10_14_6) AppleWebKit/537.36 (KHTML, like Gecko) Chrome/85.0.4183.102 Safari/537.36', 'article', '/');
INSERT INTO `log` VALUES (629, '::1', '', '2020-09-15 05:36:21', 'Mozilla/5.0 (Macintosh; Intel Mac OS X 10_14_6) AppleWebKit/537.36 (KHTML, like Gecko) Chrome/85.0.4183.102 Safari/537.36', 'article', '/');
INSERT INTO `log` VALUES (630, '::1', '', '2020-09-15 06:13:49', 'Mozilla/5.0 (Macintosh; Intel Mac OS X 10_14_6) AppleWebKit/537.36 (KHTML, like Gecko) Chrome/85.0.4183.102 Safari/537.36', 'article', '/');
INSERT INTO `log` VALUES (631, '::1', '', '2020-09-15 06:14:52', 'Mozilla/5.0 (Macintosh; Intel Mac OS X 10_14_6) AppleWebKit/537.36 (KHTML, like Gecko) Chrome/85.0.4183.102 Safari/537.36', 'detail', '/detail/2.html');
INSERT INTO `log` VALUES (632, '::1', '', '2020-09-15 06:20:35', 'Mozilla/5.0 (Macintosh; Intel Mac OS X 10_14_6) AppleWebKit/537.36 (KHTML, like Gecko) Chrome/85.0.4183.102 Safari/537.36', 'detail', '/detail/2.html');
INSERT INTO `log` VALUES (633, '::1', '', '2020-09-15 06:20:51', 'Mozilla/5.0 (Macintosh; Intel Mac OS X 10_14_6) AppleWebKit/537.36 (KHTML, like Gecko) Chrome/85.0.4183.102 Safari/537.36', 'article', '/');
INSERT INTO `log` VALUES (634, '::1', '', '2020-09-15 06:25:02', 'Mozilla/5.0 (Macintosh; Intel Mac OS X 10_14_6) AppleWebKit/537.36 (KHTML, like Gecko) Chrome/85.0.4183.102 Safari/537.36', 'article', '/');
INSERT INTO `log` VALUES (635, '::1', '', '2020-09-15 06:25:04', 'Mozilla/5.0 (Macintosh; Intel Mac OS X 10_14_6) AppleWebKit/537.36 (KHTML, like Gecko) Chrome/85.0.4183.102 Safari/537.36', 'article', '/');
INSERT INTO `log` VALUES (636, '::1', '', '2020-09-15 06:25:05', 'Mozilla/5.0 (Macintosh; Intel Mac OS X 10_14_6) AppleWebKit/537.36 (KHTML, like Gecko) Chrome/85.0.4183.102 Safari/537.36', 'article', '/');
INSERT INTO `log` VALUES (637, '::1', '', '2020-09-15 06:25:25', 'Mozilla/5.0 (Macintosh; Intel Mac OS X 10_14_6) AppleWebKit/537.36 (KHTML, like Gecko) Chrome/85.0.4183.102 Safari/537.36', 'article', '/');
INSERT INTO `log` VALUES (638, '::1', '', '2020-09-15 06:26:46', 'Mozilla/5.0 (Macintosh; Intel Mac OS X 10_14_6) AppleWebKit/537.36 (KHTML, like Gecko) Chrome/85.0.4183.102 Safari/537.36', 'article', '/');
INSERT INTO `log` VALUES (639, '::1', '', '2020-09-15 14:00:55', 'Mozilla/5.0 (Macintosh; Intel Mac OS X 10_14_6) AppleWebKit/537.36 (KHTML, like Gecko) Chrome/85.0.4183.102 Safari/537.36', 'article', '/');
INSERT INTO `log` VALUES (640, '::1', '', '2020-09-15 14:32:52', 'Mozilla/5.0 (Macintosh; Intel Mac OS X 10_14_6) AppleWebKit/537.36 (KHTML, like Gecko) Chrome/85.0.4183.102 Safari/537.36', 'article', '/');
INSERT INTO `log` VALUES (641, '::1', '', '2020-09-15 14:36:49', 'Mozilla/5.0 (Macintosh; Intel Mac OS X 10_14_6) AppleWebKit/537.36 (KHTML, like Gecko) Chrome/85.0.4183.102 Safari/537.36', 'article', '/');
INSERT INTO `log` VALUES (642, '::1', '', '2020-09-15 14:37:32', 'Mozilla/5.0 (Macintosh; Intel Mac OS X 10_14_6) AppleWebKit/537.36 (KHTML, like Gecko) Chrome/85.0.4183.102 Safari/537.36', 'detail', '/detail/1.html');
INSERT INTO `log` VALUES (643, '::1', '', '2020-09-15 14:43:00', 'Mozilla/5.0 (Macintosh; Intel Mac OS X 10_14_6) AppleWebKit/537.36 (KHTML, like Gecko) Chrome/85.0.4183.102 Safari/537.36', 'detail', '/detail/1.html');
INSERT INTO `log` VALUES (644, '::1', '', '2020-09-15 14:43:43', 'Mozilla/5.0 (Macintosh; Intel Mac OS X 10_14_6) AppleWebKit/537.36 (KHTML, like Gecko) Chrome/85.0.4183.102 Safari/537.36', 'detail', '/detail/1.html');
INSERT INTO `log` VALUES (645, '::1', '', '2020-09-15 14:47:32', 'Mozilla/5.0 (Macintosh; Intel Mac OS X 10_14_6) AppleWebKit/537.36 (KHTML, like Gecko) Chrome/85.0.4183.102 Safari/537.36', 'detail', '/detail/1.html');
INSERT INTO `log` VALUES (646, '::1', '', '2020-09-15 15:59:42', 'Mozilla/5.0 (Macintosh; Intel Mac OS X 10_14_6) AppleWebKit/537.36 (KHTML, like Gecko) Chrome/85.0.4183.102 Safari/537.36', 'detail', '/detail/1.html');
INSERT INTO `log` VALUES (647, '::1', '', '2020-09-15 16:00:27', 'Mozilla/5.0 (Macintosh; Intel Mac OS X 10_14_6) AppleWebKit/537.36 (KHTML, like Gecko) Chrome/85.0.4183.102 Safari/537.36', 'article', '/');
INSERT INTO `log` VALUES (648, '::1', '', '2020-09-15 16:01:03', 'Mozilla/5.0 (Macintosh; Intel Mac OS X 10_14_6) AppleWebKit/537.36 (KHTML, like Gecko) Chrome/85.0.4183.102 Safari/537.36', 'detail', '/detail/1.html');
INSERT INTO `log` VALUES (649, '::1', '', '2020-09-15 16:24:10', 'Mozilla/5.0 (Macintosh; Intel Mac OS X 10_14_6) AppleWebKit/537.36 (KHTML, like Gecko) Chrome/85.0.4183.102 Safari/537.36', 'article', '/');
INSERT INTO `log` VALUES (650, '::1', '', '2020-09-15 17:38:54', 'Mozilla/5.0 (Macintosh; Intel Mac OS X 10_14_6) AppleWebKit/537.36 (KHTML, like Gecko) Chrome/85.0.4183.102 Safari/537.36', 'article', '/');
INSERT INTO `log` VALUES (651, '::1', '', '2020-09-15 17:39:09', 'Mozilla/5.0 (Macintosh; Intel Mac OS X 10_14_6) AppleWebKit/537.36 (KHTML, like Gecko) Chrome/85.0.4183.102 Safari/537.36', 'message', '/message.html');
INSERT INTO `log` VALUES (652, '::1', '', '2020-09-15 17:40:01', 'Mozilla/5.0 (Macintosh; Intel Mac OS X 10_14_6) AppleWebKit/537.36 (KHTML, like Gecko) Chrome/85.0.4183.102 Safari/537.36', 'message', '/message.html?name=inspector&mail=root%40kanguogou.com&review=%E6%B5%8B%E8%AF%95testces');
INSERT INTO `log` VALUES (653, '::1', '', '2020-09-15 17:41:52', 'Mozilla/5.0 (Macintosh; Intel Mac OS X 10_14_6) AppleWebKit/537.36 (KHTML, like Gecko) Chrome/85.0.4183.102 Safari/537.36', 'message', '/message.html?name=inspector&mail=root%40kanguogou.com&review=fadsfasa');
INSERT INTO `log` VALUES (654, '::1', '', '2020-09-15 17:43:51', 'Mozilla/5.0 (Macintosh; Intel Mac OS X 10_14_6) AppleWebKit/537.36 (KHTML, like Gecko) Chrome/85.0.4183.102 Safari/537.36', 'message', '/message.html?name=inspector&mail=root%40kanguogou.com&review=fadsfasa');
INSERT INTO `log` VALUES (655, '::1', '', '2020-09-15 17:43:59', 'Mozilla/5.0 (Macintosh; Intel Mac OS X 10_14_6) AppleWebKit/537.36 (KHTML, like Gecko) Chrome/85.0.4183.102 Safari/537.36', 'message', '/message.html?name=inspector&mail=root%40kanguogou.com&review=sdfasfdsf');
INSERT INTO `log` VALUES (656, '::1', '', '2020-09-15 17:49:11', 'Mozilla/5.0 (Macintosh; Intel Mac OS X 10_14_6) AppleWebKit/537.36 (KHTML, like Gecko) Chrome/85.0.4183.102 Safari/537.36', 'article', '/');
INSERT INTO `log` VALUES (657, '::1', '', '2020-09-15 17:49:20', 'Mozilla/5.0 (Macintosh; Intel Mac OS X 10_14_6) AppleWebKit/537.36 (KHTML, like Gecko) Chrome/85.0.4183.102 Safari/537.36', 'message', '/message.html');
INSERT INTO `log` VALUES (658, '::1', '', '2020-09-15 17:51:20', 'Mozilla/5.0 (Macintosh; Intel Mac OS X 10_14_6) AppleWebKit/537.36 (KHTML, like Gecko) Chrome/85.0.4183.102 Safari/537.36', 'message', '/message.html');
INSERT INTO `log` VALUES (659, '::1', '', '2020-09-15 17:51:39', 'Mozilla/5.0 (Macintosh; Intel Mac OS X 10_14_6) AppleWebKit/537.36 (KHTML, like Gecko) Chrome/85.0.4183.102 Safari/537.36', 'message', '/message.html');
INSERT INTO `log` VALUES (660, '::1', '', '2020-09-15 17:55:59', 'Mozilla/5.0 (Macintosh; Intel Mac OS X 10_14_6) AppleWebKit/537.36 (KHTML, like Gecko) Chrome/85.0.4183.102 Safari/537.36', 'article', '/');
INSERT INTO `log` VALUES (661, '::1', '', '2020-09-15 17:56:02', 'Mozilla/5.0 (Macintosh; Intel Mac OS X 10_14_6) AppleWebKit/537.36 (KHTML, like Gecko) Chrome/85.0.4183.102 Safari/537.36', 'article', '/');
INSERT INTO `log` VALUES (662, '::1', '', '2020-09-15 18:20:00', 'Mozilla/5.0 (Macintosh; Intel Mac OS X 10_14_6) AppleWebKit/537.36 (KHTML, like Gecko) Chrome/85.0.4183.102 Safari/537.36', 'article', '/');
INSERT INTO `log` VALUES (663, '::1', '', '2020-09-15 18:20:54', 'Mozilla/5.0 (Macintosh; Intel Mac OS X 10_14_6) AppleWebKit/537.36 (KHTML, like Gecko) Chrome/85.0.4183.102 Safari/537.36', 'article', '/');
INSERT INTO `log` VALUES (664, '::1', '', '2020-09-15 18:25:41', 'Mozilla/5.0 (Macintosh; Intel Mac OS X 10_14_6) AppleWebKit/537.36 (KHTML, like Gecko) Chrome/85.0.4183.102 Safari/537.36', 'article', '/');
INSERT INTO `log` VALUES (665, '::1', '', '2020-09-15 18:25:54', 'Mozilla/5.0 (Macintosh; Intel Mac OS X 10_14_6) AppleWebKit/537.36 (KHTML, like Gecko) Chrome/85.0.4183.102 Safari/537.36', 'article', '/');
INSERT INTO `log` VALUES (666, '::1', '', '2020-09-15 18:26:53', 'Mozilla/5.0 (Macintosh; Intel Mac OS X 10_14_6) AppleWebKit/537.36 (KHTML, like Gecko) Chrome/85.0.4183.102 Safari/537.36', 'article', '/');
INSERT INTO `log` VALUES (667, '::1', '', '2020-09-15 18:28:41', 'Mozilla/5.0 (Macintosh; Intel Mac OS X 10_14_6) AppleWebKit/537.36 (KHTML, like Gecko) Chrome/85.0.4183.102 Safari/537.36', 'detail', '/detail/5.html');
INSERT INTO `log` VALUES (668, '::1', '', '2020-09-15 18:28:59', 'Mozilla/5.0 (Macintosh; Intel Mac OS X 10_14_6) AppleWebKit/537.36 (KHTML, like Gecko) Chrome/85.0.4183.102 Safari/537.36', 'like5', '/article/like');
INSERT INTO `log` VALUES (669, '::1', '', '2020-09-15 19:48:07', 'Mozilla/5.0 (Macintosh; Intel Mac OS X 10_14_6) AppleWebKit/537.36 (KHTML, like Gecko) Chrome/85.0.4183.102 Safari/537.36', 'article', '/');
INSERT INTO `log` VALUES (670, '::1', '', '2020-09-15 22:46:17', 'Mozilla/5.0 (Macintosh; Intel Mac OS X 10_14_6) AppleWebKit/537.36 (KHTML, like Gecko) Chrome/85.0.4183.102 Safari/537.36', 'article', '/list.html');
INSERT INTO `log` VALUES (671, '::1', '', '2020-09-16 01:07:30', 'Mozilla/5.0 (Macintosh; Intel Mac OS X 10_14_6) AppleWebKit/537.36 (KHTML, like Gecko) Chrome/85.0.4183.102 Safari/537.36', 'article', '/');
INSERT INTO `log` VALUES (672, '::1', '', '2020-09-16 01:08:51', 'Mozilla/5.0 (Macintosh; Intel Mac OS X 10_14_6) AppleWebKit/537.36 (KHTML, like Gecko) Chrome/85.0.4183.102 Safari/537.36', 'article', '/list.html');
INSERT INTO `log` VALUES (673, '::1', '', '2020-09-16 01:13:15', 'Mozilla/5.0 (Macintosh; Intel Mac OS X 10_14_6) AppleWebKit/537.36 (KHTML, like Gecko) Chrome/85.0.4183.102 Safari/537.36', 'article', '/');
INSERT INTO `log` VALUES (674, '::1', '', '2020-09-16 01:21:23', 'Mozilla/5.0 (Macintosh; Intel Mac OS X 10_14_6) AppleWebKit/537.36 (KHTML, like Gecko) Chrome/85.0.4183.102 Safari/537.36', 'article', '/list.html');
INSERT INTO `log` VALUES (675, '::1', '', '2020-09-16 01:21:28', 'Mozilla/5.0 (Macintosh; Intel Mac OS X 10_14_6) AppleWebKit/537.36 (KHTML, like Gecko) Chrome/85.0.4183.102 Safari/537.36', 'article', '/');
INSERT INTO `log` VALUES (676, '::1', '', '2020-09-16 01:23:13', 'Mozilla/5.0 (Macintosh; Intel Mac OS X 10_14_6) AppleWebKit/537.36 (KHTML, like Gecko) Chrome/85.0.4183.102 Safari/537.36', 'article', '/');
INSERT INTO `log` VALUES (677, '::1', '', '2020-09-16 01:25:19', 'Mozilla/5.0 (Macintosh; Intel Mac OS X 10_14_6) AppleWebKit/537.36 (KHTML, like Gecko) Chrome/85.0.4183.102 Safari/537.36', 'article', '/');
INSERT INTO `log` VALUES (678, '::1', '', '2020-09-16 01:25:39', 'Mozilla/5.0 (Macintosh; Intel Mac OS X 10_14_6) AppleWebKit/537.36 (KHTML, like Gecko) Chrome/85.0.4183.102 Safari/537.36', 'article', '/');
INSERT INTO `log` VALUES (679, '::1', '', '2020-09-16 01:25:50', 'Mozilla/5.0 (Macintosh; Intel Mac OS X 10_14_6) AppleWebKit/537.36 (KHTML, like Gecko) Chrome/85.0.4183.102 Safari/537.36', 'article', '/');
INSERT INTO `log` VALUES (680, '::1', '', '2020-09-16 01:27:04', 'Mozilla/5.0 (Macintosh; Intel Mac OS X 10_14_6) AppleWebKit/537.36 (KHTML, like Gecko) Chrome/85.0.4183.102 Safari/537.36', 'article', '/');
INSERT INTO `log` VALUES (681, '::1', '', '2020-09-16 01:28:05', 'Mozilla/5.0 (Macintosh; Intel Mac OS X 10_14_6) AppleWebKit/537.36 (KHTML, like Gecko) Chrome/85.0.4183.102 Safari/537.36', 'article', '/');
INSERT INTO `log` VALUES (682, '::1', '', '2020-09-16 01:28:24', 'Mozilla/5.0 (Macintosh; Intel Mac OS X 10_14_6) AppleWebKit/537.36 (KHTML, like Gecko) Chrome/85.0.4183.102 Safari/537.36', 'article', '/');
INSERT INTO `log` VALUES (683, '::1', '', '2020-09-16 01:28:42', 'Mozilla/5.0 (Macintosh; Intel Mac OS X 10_14_6) AppleWebKit/537.36 (KHTML, like Gecko) Chrome/85.0.4183.102 Safari/537.36', 'article', '/');
INSERT INTO `log` VALUES (684, '::1', '', '2020-09-16 16:44:47', 'Mozilla/5.0 (Macintosh; Intel Mac OS X 10_14_6) AppleWebKit/537.36 (KHTML, like Gecko) Chrome/85.0.4183.102 Safari/537.36', 'article', '/');
INSERT INTO `log` VALUES (685, '::1', '', '2020-09-16 17:58:58', 'Mozilla/5.0 (Macintosh; Intel Mac OS X 10_14_6) AppleWebKit/537.36 (KHTML, like Gecko) Chrome/85.0.4183.102 Safari/537.36', 'article', '/');
INSERT INTO `log` VALUES (686, '::1', '', '2020-09-16 18:01:52', 'Mozilla/5.0 (Macintosh; Intel Mac OS X 10_14_6) AppleWebKit/537.36 (KHTML, like Gecko) Chrome/85.0.4183.102 Safari/537.36', 'article', '/');
INSERT INTO `log` VALUES (687, '::1', '', '2020-09-16 18:50:57', 'Mozilla/5.0 (Macintosh; Intel Mac OS X 10_14_6) AppleWebKit/537.36 (KHTML, like Gecko) Chrome/85.0.4183.102 Safari/537.36', 'article', '/');
INSERT INTO `log` VALUES (688, '::1', '', '2020-09-16 18:52:16', 'Mozilla/5.0 (Macintosh; Intel Mac OS X 10_14_6) AppleWebKit/537.36 (KHTML, like Gecko) Chrome/85.0.4183.102 Safari/537.36', 'article', '/');
INSERT INTO `log` VALUES (689, '::1', '', '2020-09-16 18:53:21', 'Mozilla/5.0 (Macintosh; Intel Mac OS X 10_14_6) AppleWebKit/537.36 (KHTML, like Gecko) Chrome/85.0.4183.102 Safari/537.36', 'article', '/list.html?tag=%e5%8f%91%2c%e5%ae%89%e5%be%bd%2c%e8%8b%8f%e5%b7%9e%2cbaidu');
INSERT INTO `log` VALUES (690, '::1', '', '2020-09-16 18:53:30', 'Mozilla/5.0 (Macintosh; Intel Mac OS X 10_14_6) AppleWebKit/537.36 (KHTML, like Gecko) Chrome/85.0.4183.102 Safari/537.36', 'article', '/list.html?tag=%e5%ae%89%e5%be%bd');
INSERT INTO `log` VALUES (691, '::1', '', '2020-09-16 18:54:11', 'Mozilla/5.0 (Macintosh; Intel Mac OS X 10_14_6) AppleWebKit/537.36 (KHTML, like Gecko) Chrome/85.0.4183.102 Safari/537.36', 'article', '/list.html?tag=%e5%ae%89%e5%be%bd');
INSERT INTO `log` VALUES (692, '::1', '', '2020-09-16 18:54:14', 'Mozilla/5.0 (Macintosh; Intel Mac OS X 10_14_6) AppleWebKit/537.36 (KHTML, like Gecko) Chrome/85.0.4183.102 Safari/537.36', 'article', '/');
INSERT INTO `log` VALUES (693, '::1', '', '2020-09-17 16:31:23', 'Mozilla/5.0 (Macintosh; Intel Mac OS X 10_14_6) AppleWebKit/537.36 (KHTML, like Gecko) Chrome/85.0.4183.102 Safari/537.36', 'article', '/');
INSERT INTO `log` VALUES (694, '::1', '', '2020-09-17 16:34:44', 'Mozilla/5.0 (Macintosh; Intel Mac OS X 10_14_6) AppleWebKit/537.36 (KHTML, like Gecko) Chrome/85.0.4183.102 Safari/537.36', 'article', '/');
INSERT INTO `log` VALUES (695, '::1', '', '2020-09-17 21:17:33', 'Mozilla/5.0 (Macintosh; Intel Mac OS X 10_15_6) AppleWebKit/537.36 (KHTML, like Gecko) Chrome/85.0.4183.102 Safari/537.36', 'article', '/');
INSERT INTO `log` VALUES (696, '::1', '', '2020-09-17 21:17:52', 'Mozilla/5.0 (Macintosh; Intel Mac OS X 10_15_6) AppleWebKit/537.36 (KHTML, like Gecko) Chrome/85.0.4183.102 Safari/537.36', 'detail', '/detail/5.html');
INSERT INTO `log` VALUES (697, '::1', '', '2020-09-17 21:18:03', 'Mozilla/5.0 (Macintosh; Intel Mac OS X 10_15_6) AppleWebKit/537.36 (KHTML, like Gecko) Chrome/85.0.4183.102 Safari/537.36', 'article', '/');
INSERT INTO `log` VALUES (698, '::1', '', '2020-09-17 22:12:01', 'Mozilla/5.0 (Macintosh; Intel Mac OS X 10_15_6) AppleWebKit/537.36 (KHTML, like Gecko) Chrome/85.0.4183.102 Safari/537.36', 'article', '/');
INSERT INTO `log` VALUES (699, '::1', '', '2020-09-17 22:12:44', 'Mozilla/5.0 (Macintosh; Intel Mac OS X 10_15_6) AppleWebKit/537.36 (KHTML, like Gecko) Chrome/85.0.4183.102 Safari/537.36', 'article', '/');
INSERT INTO `log` VALUES (700, '::1', '', '2020-09-17 22:14:35', 'Mozilla/5.0 (Macintosh; Intel Mac OS X 10_15_6) AppleWebKit/537.36 (KHTML, like Gecko) Chrome/85.0.4183.102 Safari/537.36', 'article', '/');
INSERT INTO `log` VALUES (701, '::1', '', '2020-09-17 22:18:15', 'Mozilla/5.0 (Macintosh; Intel Mac OS X 10_15_6) AppleWebKit/537.36 (KHTML, like Gecko) Chrome/85.0.4183.102 Safari/537.36', 'article', '/');
INSERT INTO `log` VALUES (702, '192.168.88.126', '', '2020-09-17 23:26:42', 'Mozilla/5.0 (Windows NT 10.0; Win64; x64) AppleWebKit/537.36 (KHTML, like Gecko) Chrome/85.0.4183.102 Safari/537.36', 'article', '/');
INSERT INTO `log` VALUES (703, '::1', '', '2020-09-17 23:29:54', 'Mozilla/5.0 (Macintosh; Intel Mac OS X 10_15_6) AppleWebKit/537.36 (KHTML, like Gecko) Chrome/85.0.4183.102 Safari/537.36', 'article', '/');
INSERT INTO `log` VALUES (704, '::1', '', '2020-09-17 23:52:36', 'Mozilla/5.0 (Macintosh; Intel Mac OS X 10_15_6) AppleWebKit/537.36 (KHTML, like Gecko) Chrome/85.0.4183.102 Safari/537.36', 'article', '/');
INSERT INTO `log` VALUES (705, '::1', '', '2020-09-17 23:52:43', 'Mozilla/5.0 (Macintosh; Intel Mac OS X 10_15_6) AppleWebKit/537.36 (KHTML, like Gecko) Chrome/85.0.4183.102 Safari/537.36', 'detail', '/detail/9.html');
INSERT INTO `log` VALUES (706, '::1', '', '2020-09-17 23:58:12', 'Mozilla/5.0 (Macintosh; Intel Mac OS X 10_15_6) AppleWebKit/537.36 (KHTML, like Gecko) Chrome/85.0.4183.102 Safari/537.36', 'article', '/');
INSERT INTO `log` VALUES (707, '::1', '', '2020-09-17 23:58:19', 'Mozilla/5.0 (Macintosh; Intel Mac OS X 10_15_6) AppleWebKit/537.36 (KHTML, like Gecko) Chrome/85.0.4183.102 Safari/537.36', 'detail', '/detail/9.html');
INSERT INTO `log` VALUES (708, '::1', '', '2020-09-17 23:58:23', 'Mozilla/5.0 (Macintosh; Intel Mac OS X 10_15_6) AppleWebKit/537.36 (KHTML, like Gecko) Chrome/85.0.4183.102 Safari/537.36', 'detail', '/detail/9.html');
INSERT INTO `log` VALUES (709, '::1', '', '2020-09-18 00:17:14', 'Mozilla/5.0 (Macintosh; Intel Mac OS X 10_15_6) AppleWebKit/537.36 (KHTML, like Gecko) Chrome/85.0.4183.102 Safari/537.36', 'article', '/');
INSERT INTO `log` VALUES (710, '::1', '', '2020-09-18 00:17:20', 'Mozilla/5.0 (Macintosh; Intel Mac OS X 10_15_6) AppleWebKit/537.36 (KHTML, like Gecko) Chrome/85.0.4183.102 Safari/537.36', 'detail', '/detail/9.html');
COMMIT;

-- ----------------------------
-- Table structure for menu
-- ----------------------------
DROP TABLE IF EXISTS `menu`;
CREATE TABLE `menu` (
  `id` int(11) NOT NULL AUTO_INCREMENT COMMENT '主键',
  `title` varchar(255) DEFAULT '' COMMENT '栏目名称',
  `target` varchar(255) DEFAULT '' COMMENT '链接打开方式',
  `url` varchar(255) DEFAULT '' COMMENT '链接URL',
  `sort` int(11) DEFAULT '100' COMMENT '排序',
  `pid` int(11) DEFAULT '0' COMMENT '顶级栏目',
  PRIMARY KEY (`id`)
) ENGINE=InnoDB AUTO_INCREMENT=2 DEFAULT CHARSET=utf8;

-- ----------------------------
-- Records of menu
-- ----------------------------
BEGIN;
INSERT INTO `menu` VALUES (1, '首页', 'none', '/', 100, 0);
COMMIT;

-- ----------------------------
-- Table structure for message
-- ----------------------------
DROP TABLE IF EXISTS `message`;
CREATE TABLE `message` (
  `id` int(11) NOT NULL AUTO_INCREMENT COMMENT 'ID',
  `name` varchar(255) NOT NULL DEFAULT '' COMMENT '名字',
  `review` varchar(500) NOT NULL DEFAULT '' COMMENT '评论',
  `reply` varchar(500) NOT NULL COMMENT '回复',
  `mail` varchar(500) NOT NULL COMMENT '网址',
  `created` datetime DEFAULT NULL COMMENT '创建时间',
  `updated` datetime DEFAULT NULL COMMENT '回复时间',
  `status` int(11) DEFAULT '1' COMMENT '1可用，2禁用',
  PRIMARY KEY (`id`)
) ENGINE=InnoDB AUTO_INCREMENT=3 DEFAULT CHARSET=utf8;

-- ----------------------------
-- Records of message
-- ----------------------------
BEGIN;
INSERT INTO `message` VALUES (1, 'hello', 'hello world', '1', '1@1.con', '2020-09-15 16:55:10', '2020-09-15 16:55:14', 1);
INSERT INTO `message` VALUES (2, 'inspector', 'fadsasff', '', 'root@kanguogou.com', '2020-09-15 17:51:34', '2020-09-15 17:51:34', 2);
COMMIT;

-- ----------------------------
-- Table structure for review
-- ----------------------------
DROP TABLE IF EXISTS `review`;
CREATE TABLE `review` (
  `id` int(11) NOT NULL AUTO_INCREMENT COMMENT 'ID',
  `name` varchar(255) NOT NULL DEFAULT '' COMMENT '名字',
  `review` varchar(500) NOT NULL DEFAULT '' COMMENT '评论',
  `reply` varchar(500) NOT NULL COMMENT '回复',
  `mail` varchar(500) NOT NULL COMMENT 'email',
  `created` datetime DEFAULT NULL COMMENT '创建时间',
  `updated` datetime DEFAULT NULL COMMENT '回复时间',
  `status` int(11) DEFAULT '1' COMMENT '1可用，2禁用',
  `article_id` int(11) DEFAULT '1' COMMENT '文章ID',
  PRIMARY KEY (`id`)
) ENGINE=InnoDB AUTO_INCREMENT=5 DEFAULT CHARSET=utf8;

-- ----------------------------
-- Records of review
-- ----------------------------
BEGIN;
INSERT INTO `review` VALUES (1, 'ttt', '测试', 'cec', 'ces', '2020-09-10 20:06:51', '2020-09-12 03:06:20', 1, 2);
INSERT INTO `review` VALUES (2, 'ni', 'ddas', 'hello', '1@1', '2020-09-12 05:17:22', '2020-09-12 05:33:32', 1, 1);
INSERT INTO `review` VALUES (3, 'inspector', '123', '321', '65', '2020-09-12 05:38:00', '2020-09-12 05:38:38', 1, 1);
INSERT INTO `review` VALUES (4, 'root', 'cesssss test', '', '', '2020-09-12 19:51:03', '2020-09-12 19:54:48', 1, 1);
COMMIT;

-- ----------------------------
-- Table structure for setting
-- ----------------------------
DROP TABLE IF EXISTS `setting`;
CREATE TABLE `setting` (
  `name` varchar(255) NOT NULL DEFAULT '' COMMENT '标题',
  `value` text NOT NULL COMMENT '详情',
  PRIMARY KEY (`name`)
) ENGINE=InnoDB DEFAULT CHARSET=utf8;

-- ----------------------------
-- Records of setting
-- ----------------------------
BEGIN;
INSERT INTO `setting` VALUES ('description', '我的心理学过程记录');
INSERT INTO `setting` VALUES ('image', '/static/uploads/2020021121190681.png');
INSERT INTO `setting` VALUES ('keyword', '攻略,方案,生活,心理学,考试');
INSERT INTO `setting` VALUES ('name', 'kanguogou.com');
INSERT INTO `setting` VALUES ('notice', '欢迎来到使用 Go Blog 。');
INSERT INTO `setting` VALUES ('remark', '攻略一次看过够');
INSERT INTO `setting` VALUES ('tag', '我的心理学过程记录——攻略全分享');
INSERT INTO `setting` VALUES ('title', '看过够');
COMMIT;

-- ----------------------------
-- Table structure for user
-- ----------------------------
DROP TABLE IF EXISTS `user`;
CREATE TABLE `user` (
  `id` int(11) NOT NULL AUTO_INCREMENT COMMENT 'ID',
  `name` varchar(255) DEFAULT NULL COMMENT '用户名',
  `password` varchar(255) DEFAULT NULL,
  `email` varchar(255) DEFAULT NULL,
  `created` datetime DEFAULT NULL,
  `status` int(11) DEFAULT '1' COMMENT '状态',
  PRIMARY KEY (`id`)
) ENGINE=InnoDB AUTO_INCREMENT=2 DEFAULT CHARSET=utf8;

-- ----------------------------
-- Records of user
-- ----------------------------
BEGIN;
INSERT INTO `user` VALUES (1, 'user', '5c0b8081c10ad236fa004adfe685867f', '491126240@qq.com', '2020-02-11 12:22:55', 1);
COMMIT;

-- ----------------------------
-- Table structure for wechat_user
-- ----------------------------
DROP TABLE IF EXISTS `wechat_user`;
CREATE TABLE `wechat_user` (
  `id` int(11) NOT NULL AUTO_INCREMENT COMMENT 'ID',
  `openid` varchar(32) NOT NULL COMMENT 'open ID',
  `nickname` varchar(255) DEFAULT NULL COMMENT '用户名',
  `sex` int(11) DEFAULT '0' COMMENT '性别',
  `city` varchar(32) DEFAULT NULL COMMENT '城市',
  `country` varchar(32) DEFAULT NULL COMMENT '国家',
  `province` varchar(32) DEFAULT NULL COMMENT '省份',
  `language` varchar(32) DEFAULT NULL COMMENT '语种',
  `headimgurl` varchar(255) DEFAULT NULL COMMENT '头像',
  `subscribe_time` int(11) DEFAULT NULL COMMENT '订阅时间',
  `created` datetime DEFAULT NULL,
  PRIMARY KEY (`id`)
) ENGINE=InnoDB AUTO_INCREMENT=3 DEFAULT CHARSET=utf8;

-- ----------------------------
-- Records of wechat_user
-- ----------------------------
BEGIN;
INSERT INTO `wechat_user` VALUES (1, 'olSs0t0GUX2YOg96T6tIpr1FFSh8', '亿万富翁', 1, '深圳', '中国', '广东', 'zh_CN', 'http://thirdwx.qlogo.cn/mmopen/DJ3xXPgDPca2JtaDKK2vayNfPEp5gBrMgovINibCKzdXJmIY5HeciaLkib2KrN6qP4tq5dDlJpWSGzxicW0Gia6HQ3vaRNiassJQ8b/132', 1574559592, '2020-09-15 14:18:18');
INSERT INTO `wechat_user` VALUES (2, 'olSs0t1U0JIl5t7CFaerPQiz47uE', 'GUAPO陈湘', 1, '湛江', '中国', '广东', 'zh_CN', 'http://thirdwx.qlogo.cn/mmopen/sEfoSrIsicQribtickiaLgowqaOA0yzbw4d2lYIJtlMBEOo2Pk3d1xkeQGCgmJJicrkuxeypPX6U447OJ2kw4Yv9dZY0t2q0QictJj/132', 1579841216, '2020-09-15 14:18:18');
COMMIT;

SET FOREIGN_KEY_CHECKS = 1;
